id,split,V,A,D,text,anger,disgust,fear,joy,sadness,surprise
1,train,2.29,3.29,2.86,Mortar assault leaves at least 18 dead,22,2,60,0,64,0
10,train,3.5,2.88,3.0,Alonso would be happy to retire with three titles,0,0,0,61,24,0
100,train,2.88,3.0,3.0,Report criticises US press freedoms,25,24,6,21,13,13
1000,train,2.0,3.62,2.75,Terror officials see Al Qaeda chiefs regaining power,13,11,86,0,16,3
1001,train,2.8,3.0,3.0,"Ivrea journal: In Italian town, a civics lesson from pelting neighbors",0,5,0,3,0,25
1003,train,2.71,2.86,3.29,Princess and heir of Franz Ferdinand fights to repeal a law and gain a castle,33,3,8,39,0,16
1004,train,2.9,2.8,2.9,"A film star in Kampala, conjuring aminos ghost",0,0,29,9,0,22
1005,train,2.4,3.1,2.8,Militants attack U.S. base in Iraq,37,9,84,0,26,2
1006,dev,2.1,3.5,2.6,North Africa feared as staging ground for terror,18,17,88,0,23,7
1007,train,2.75,2.88,3.25,"Iran says Sunnis, using Pakistan as base, planned fatal bombing",19,9,83,0,16,16
1008,train,2.7,3.1,3.1,Anglicans rebuke U.S. branch on same-sex unions,23,15,12,0,17,12
1009,train,2.3,3.2,2.8,Homemade bombs kill 65 on Indian train,23,10,60,0,94,21
101,test,2.78,3.11,3.22,French suburb riots could resume,6,0,50,0,22,0
1010,test,2.4,3.0,3.0,Al Qaeda chiefs are seen to regain power,15,8,82,0,20,6
1011,train,2.25,3.25,3.38,Chvez threatens to jail violators of price controls,53,1,45,5,2,13
1012,train,2.8,2.8,2.8,Bush declares Iran's arms role in Iraq is certain,24,3,53,0,27,14
1013,train,3.0,2.9,3.0,Accord on North Korea is announced,0,0,5,60,0,12
1015,train,3.7,3.3,3.4,"Baghdad plan is a success, Iraq prime minister tells Bush",14,15,17,45,16,17
1017,test,2.67,3.33,3.22,"Dispute over Iraqi cleric, said to have gone to Iran",29,2,28,0,2,22
1018,test,2.9,3.1,3.1,Planning seen in Iraqi attacks on U.S. copters,29,2,54,0,37,27
1019,train,2.5,3.1,2.5,"In the world of life-saving drugs, a growing epidemic of deadly fakes",15,16,48,15,62,34
102,train,2.5,3.1,2.8,Photographer kidnapping condemned,47,55,0,21,33,3
1021,dev,2.78,3.0,3.0,"Books on science: The problems in modeling nature, with its unruly natural tendencies",0,0,7,0,8,12
1022,train,3.0,3.0,3.0,Believing scripture but playing by science's rules,0,0,0,8,0,26
1023,train,3.33,3.44,3.11,"A familiar and prescient voice, brought to life",0,0,0,64,0,18
1024,train,3.2,3.0,3.1,Findings : A cool $25 million for a climate backup plan,15,15,16,25,16,28
1025,train,3.09,3.09,3.18,Call it serendipity: a missing piece of Washington's war tent is found,2,0,3,52,4,37
1026,dev,3.0,3.0,3.25,"Free Will: Now you have it, now you don't",4,0,14,0,16,27
1027,train,3.0,2.8,3.2,Archaeologists find signs of early chimps' tool use,0,0,2,23,0,64
1028,train,3.0,3.14,3.43,Wizardry at Harvard: physicists move light,0,0,2,31,0,64
1029,train,2.3,3.5,2.5,The summit - a slap in the face of the Palestinians,18,34,17,0,32,9
103,train,2.2,3.5,2.3,Photographer kidnapped in Gaza,55,56,40,0,54,24
1030,test,3.0,3.0,2.9,Moscow says Palestine-Israeli contacts key to Mideast peace,4,2,4,37,17,8
1031,train,2.5,2.7,2.5,Mideast summit edns with little progress,8,8,9,12,36,1
1033,train,3.0,3.37,2.91,Pakistan-India peace talks planned despite bombings,4,4,24,58,18,22
1034,train,2.3,3.3,2.8,"Czechs, Poles get missile warning",11,4,68,0,6,23
1035,train,3.0,3.1,3.4,Russia warns US against missile bases in East Europe,48,13,53,0,0,0
1036,train,3.1,3.0,3.3,"Cheney starts visit to Japan, Australia",0,0,0,5,0,2
1037,test,3.1,2.9,3.0,China: Cheney shores up the trilateral alliance,12,12,15,24,13,3
1038,train,2.3,3.3,2.6,Iraq insurgents attack US base,27,3,64,0,26,9
1039,train,2.2,2.9,2.8,US soldiers die in day of violence,32,14,28,0,89,0
104,train,3.3,3.1,3.2,Baseball: Rogers enjoys his muddied streak,0,0,0,67,0,15
1040,train,2.37,3.0,2.82,Iraqi suicide attack kills two US troops as militants fight purge,28,16,54,0,69,8
1041,train,2.86,3.0,3.14,Iran reneges on nuclear payments to Russia,21,14,30,0,6,15
1042,train,2.7,3.1,3.0,Top Colombia official resigns,4,0,11,8,31,19
1043,train,2.8,3.0,3.1,Colombia FM resigns after relatives' arrests for militia links,15,12,34,14,35,31
1044,train,2.5,3.1,2.7,Foreign minister of Colombia quits in scandal,7,25,14,25,21,23
1045,train,2.8,2.9,3.1,New Zealand unlikely to allow crippled Japanese whaler,11,1,5,8,35,14
1046,train,2.86,3.0,2.86,Damaged Japanese whaling ship may resume hunting off Antarctica,11,10,20,30,31,12
1047,dev,2.4,2.9,2.9,Japanese whaling ship won't accept help,6,18,7,0,12,15
1048,train,3.0,2.7,2.9,Iran top N-envoy heads for Vienna for nuke talks,2,0,22,29,11,11
1049,train,2.3,3.2,2.9,Victims of Air India still wait for justice,49,17,15,0,54,17
105,train,3.2,3.1,3.1,"Cultural revolutionary, the iPod is five",0,0,0,62,0,16
1050,train,2.38,3.12,3.38,Kanishka bombing case: Inquiry judge threatens to quit,23,25,20,0,12,13
1051,train,2.8,3.2,3.0,Judge threatens to shut down Air-India inquiry,46,2,14,0,16,11
1052,train,3.29,3.0,3.14,Royal rescues presidential hopes with commanding performance,0,0,3,42,0,20
1053,train,3.1,2.8,3.1,Royal seeks to revive French bid,0,0,0,16,0,3
1054,train,3.4,3.1,3.1,Sarkozy comfort zone offers a royal opportunity,0,0,0,41,0,14
1055,train,2.64,2.82,3.27,"Hicks first in line for trial, Bush says",9,2,12,1,12,10
1056,train,2.9,3.1,3.0,Australia tells Bush to speed up Guantanamo trial,26,17,19,27,20,36
1058,train,2.75,3.0,3.0,France ends toxic alert at Canadian embassy in Paris,0,0,36,35,0,12
1059,train,3.0,3.0,2.9,Paris police investigate package at Canadian embassy,6,4,37,8,12,7
106,test,2.9,2.8,2.9,Life on Mars? Maybe We Missed It,0,2,0,11,3,29
1060,train,3.0,3.2,3.0,False alarm at Canadian embassy in Paris,2,19,23,16,3,9
1062,train,3.0,3.0,2.86,Taliban seize rural district in southwest as police flee,27,12,51,0,41,19
1063,train,2.67,3.17,3.0,Afghan poppy war alienates farmers,10,0,33,0,43,6
1064,train,3.0,2.87,3.0,Will North Korea honor pledge this time?,0,5,12,14,1,11
1065,train,2.6,3.0,3.2,Kim Jong-il bans Japanese cars in North Korea,18,15,8,0,17,35
1066,train,2.88,2.75,2.88,Iran vs. North Korea: not all enemies are equal,26,9,24,0,12,0
1067,train,3.2,2.9,3.0,Catholic archbishop outlines Anglican merger hopes,0,0,0,26,0,19
1068,train,2.9,3.0,2.9,Anglican and Catholic churches could merge,0,0,0,40,0,27
1069,train,1.7,3.4,2.7,US helicopter crash kills 8 troops in Afghanistan,15,15,32,0,91,2
1070,train,2.0,3.14,2.86,Eight US soldiers killed in Zabul helicopter crash,15,16,18,0,90,2
1071,train,3.4,3.0,3.2,Arroyo lauds passage of anti-terror bill,2,0,8,52,1,14
1072,train,3.0,2.9,2.9,House passes anti-terrorism measure Manila,2,2,5,49,1,15
1073,train,3.0,2.5,3.12,Livingstone's transport empire may extend,0,0,9,37,0,9
1074,train,3.2,3.3,3.3,"London is pace-setter on congestion toll, says mayor",5,3,7,27,10,6
1075,train,2.78,3.22,3.11,Protest greets congestion charge's westward push,16,11,9,15,8,2
1076,train,2.1,3.2,3.0,"Thailand attacks kill three, injure 70",22,10,42,0,76,16
1077,train,3.4,3.1,3.3,Thai Govt moves to smooth over relations with south,0,0,2,43,2,15
1078,train,2.2,3.3,2.9,Bombings say Muslim rebels won't negotiate,48,15,49,0,26,15
1079,train,2.9,2.8,2.8,Roots of autism more complex than thought,0,0,15,1,25,45
1080,train,3.0,3.0,3.38,Largest ever autism study identifies two genetic culprits,0,0,12,16,21,30
1081,test,3.88,3.5,3.25,Canadian breakthrough offers hope on autism,0,0,6,48,10,18
1082,train,2.8,3.3,3.0,Beware of peanut butter pathogens,0,0,37,6,17,16
1083,train,3.25,2.88,3.25,Experts offer advice on salmonella,0,0,23,24,2,4
1084,dev,3.0,3.1,3.2,Experts issue new heart disease guidelines for women,0,0,16,37,24,16
1085,test,3.4,3.1,3.3,"For women, aspirin a day could keep stroke away",0,0,7,41,6,21
1086,dev,2.3,2.8,2.8,High cholesterol raises stroke risk healthy women,0,0,45,0,17,23
1087,train,2.8,3.1,2.9,Cooked chicken breasts join tainted-food recalls,16,4,44,30,13,21
1088,dev,3.1,3.0,2.8,Ready to eat chicken breasts recalled due to suspected listeria,16,5,52,30,16,28
1089,train,2.89,3.11,3.11,Fully-cooked chicken strips recalled,10,3,19,14,16,43
1090,train,3.0,3.0,2.9,Committee debates cancer vaccine plan,3,0,10,15,11,32
1091,test,3.22,3.33,3.22,Stop cancer with a shot,0,0,4,41,9,25
1092,train,2.88,3.12,3.12,1 mln birds to be vaccinated from bird flu near Moscow,0,0,19,42,5,34
1093,train,2.4,3.2,3.0,Thousands tested after Russian H5N1 outbreak,0,0,61,23,26,5
1094,train,2.0,3.6,2.3,"Russian bird flu outbreak is deadly ""Asian strain""",0,0,71,0,18,22
1095,train,2.2,3.1,2.8,Bernard Matthews to lay off up to 500 workers,15,10,20,0,64,38
1098,train,2.6,3.1,3.0,Goodbye to girlhood,0,0,7,0,21,7
1099,train,2.3,3.2,2.8,Media cited for showing girls as sex objects,50,45,12,14,29,15
11,train,3.2,2.7,3.1,Madonna's New Tot 'Happy at Home' in London,0,0,0,63,0,0
110,train,2.5,2.8,2.8,Inconvenient truths,12,3,5,0,8,3
1100,train,2.3,3.1,2.8,Sexualisation 'harms' young girls,23,16,11,0,19,6
1101,train,2.89,3.0,3.0,A shot in the arm,0,0,53,0,9,3
1102,dev,3.12,2.88,2.88,Thousands line up to get late flu shots,2,0,41,25,6,9
1103,train,3.25,3.0,3.25,King county offering some free flu vaccines,0,0,9,49,5,23
1104,train,3.14,3.14,3.14,Bush vows cooperation on health care,0,7,10,60,10,0
1105,train,3.0,2.9,2.9,Health returns as hot issue in '08 race,0,2,8,39,3,15
1106,train,3.18,3.0,3.18,Small-business owners find Bush health plan appealing,0,0,0,58,0,14
1107,train,2.89,3.33,3.44,Pediatricians say more cord blood is needed now,0,0,23,0,12,13
1108,train,3.0,3.0,3.0,Whether to save cord blood can be puzzle for parents,0,0,13,8,0,29
1109,train,3.6,2.8,3.1,Retinal implant helping blind people see again,0,0,0,80,2,24
111,train,2.71,2.86,3.0,Dating difficult for Harry Potter,4,0,0,0,0,8
1110,train,2.7,3.1,2.9,"Indonesia ""will not share"" flu samples",18,18,11,0,30,39
1111,train,3.0,2.88,3.25,Health Canada issues advice on canned tuna,0,0,26,26,0,16
1112,train,3.0,3.0,3.0,Cholesterol link in diabetes study,0,0,22,13,28,23
1113,test,3.6,3.2,3.1,Pig cells hope for diabetes cure,0,0,3,35,2,38
1114,dev,2.63,2.88,2.75,Sick hearts switch on a fetal gene,0,0,14,9,25,29
1115,train,3.6,3.1,3.1,Foetal mechanism helps heart failure,0,0,22,24,15,38
1116,train,2.9,2.9,2.9,"Planned cesareans not risk-free, group warns",0,0,61,0,15,11
1117,train,3.3,2.8,3.2,Scientists tout cocoa's health benefits,0,0,0,60,0,20
1118,train,3.5,3.2,3.2,Feeding your brain: new benefits found in chocolate,0,0,0,70,0,35
1119,train,3.0,3.0,3.0,Some cocoa may improve brain blood flow,0,0,0,71,0,41
112,train,2.56,2.78,2.67,Students lose their rite of passage,0,0,0,0,25,0
1120,train,3.0,3.0,3.12,Lawyer for deceased Nazi-era collaborator Papon vows to bury him,23,12,16,16,22,10
1121,test,3.57,3.0,3.0,"Cocoa could be antidote to age-related diseases, says new study",0,0,2,66,2,45
1123,train,2.56,3.0,3.0,Hungarian opposition calls for vote after violence escalates,38,17,33,0,14,7
1124,train,2.6,3.1,3.0,AU regrets Sudan's expulsion of UN envoy,16,17,10,0,39,10
1125,train,2.71,2.86,3.14,Bush officials: no big move in Iraq plan,20,13,24,0,19,0
1126,test,3.0,2.9,3.1,Opponent is put on the spot over remarks about Clinton,4,7,0,13,0,17
1127,train,3.0,2.71,2.86,House ethics panel talks to Hastert aide,0,0,0,29,0,12
1128,train,3.2,3.3,3.5,BellSouth says profit rises 30% on cingular earnings,0,0,0,57,0,15
1129,train,3.0,3.2,3.4,Enron boss gets 24-year sentence,18,18,5,14,35,17
113,train,2.86,2.86,3.0,Putin vows to tackle illegal immigration,10,7,0,0,10,3
1130,train,2.8,2.8,3.0,Sony apologizes for battery recall,4,8,4,20,13,10
1131,train,3.12,3.12,3.25,Google unveils do-it-yourself search engine,0,0,0,42,0,38
1132,train,3.3,3.0,3.0,Firefox 2.0 hits the Web,0,0,0,54,0,17
1133,train,3.11,3.0,3.11,Oracle World opens with Dell unveiling AMD-powered computers,0,0,0,56,0,22
1134,train,2.7,2.9,2.8,Seahawks' QB Hasselbeck out 2-4 weeks,0,0,0,6,31,10
1135,dev,3.4,2.9,3.1,Marathon winner released from hospital,0,0,3,63,7,4
1136,train,2.8,3.1,3.0,Punter charged with stabbing asks to live outside state,46,18,17,0,25,24
1138,train,3.0,2.89,3.0,Trying to assess the damage in Cleveland,0,0,6,0,38,2
1139,train,3.2,2.9,3.3,Bryant's boot may have salvaged Bucs' season,0,0,0,39,0,17
114,dev,2.5,3.2,3.3,Ottawa must redefine 'terror',0,0,66,0,10,0
1140,train,3.0,2.7,2.9,This week in auto racing October 27 - October 29,0,0,0,2,0,1
1141,train,2.2,3.5,2.8,Merriman violation stuns ex-teammate,6,13,9,0,15,35
1142,train,2.6,3.2,3.1,Bruce revells in upset,14,0,0,0,14,8
1143,train,2.2,2.6,2.6,Steelers' Roethlisberger has concussion,0,0,4,0,62,12
1144,train,2.8,3.0,3.0,Arthurs upsets Robredo in first round at the St. Petersburg Open,10,0,0,22,15,29
1145,train,3.37,2.82,3.09,Mbeki: 2010 World Cup Planning on Track,0,0,0,35,0,2
1147,train,3.27,3.18,3.18,MS Adds Office 2007 to Vista Coupon Program,0,0,0,42,0,22
1148,train,2.67,2.89,3.0,One search does not fit all,0,3,0,0,9,10
1149,train,2.82,2.82,3.36,Apple's dark secret? The 39% claim,4,0,4,0,9,23
115,train,2.7,2.8,3.0,"Britain to Limit Workers from Romania, Bulgaria",5,10,22,0,10,0
1150,train,2.38,3.12,2.88,Bad weather cancels men's downhill,0,0,5,2,51,12
1151,dev,3.5,3.37,3.25,Cool millions for YouTube founders,0,0,0,67,0,18
1152,test,3.12,3.25,3.0,"London market a shopping, dining haven",0,0,0,49,0,4
1153,train,3.5,3.37,3.0,'Jackass' star marries childhood friend The secrets people reveal,0,0,0,52,0,29
1154,train,3.2,2.9,3.0,Audio Slide Show: A love story lasting 61 years,0,0,0,68,0,30
1155,train,3.36,3.0,3.27,Microsoft to release next generation phone,0,0,0,51,0,33
1156,train,2.4,3.1,2.9,Body Shop's Roddick has Hepatitis C,0,0,18,0,48,43
1157,test,2.8,3.0,3.0,Teen allegedly armed by mom turns self in,8,7,38,6,25,38
1158,dev,2.7,3.2,3.3,Oxfam: action needed for Chad,0,0,1,11,0,8
1159,train,2.13,3.25,2.75,Violence continues at disputed holy site,31,2,31,0,38,2
116,train,3.0,3.12,3.12,Top General Optimistic on Iraq,28,30,0,27,44,0
1160,train,2.0,3.12,2.87,Storm leaves behind major travel troubles,7,0,33,0,53,6
1161,train,2.25,3.25,2.87,3 U.S. troops killed hunting weapons cache,13,2,30,0,74,1
1162,train,3.1,2.8,3.0,China's 'Friends' highlights Web freedoms,4,5,6,48,8,16
1163,train,3.2,3.0,2.8,NATO: Afghanistan peace 'by 2009',0,0,11,67,17,19
1164,train,3.14,3.29,3.14,Alaska's northern lights captivate Japanese,0,0,0,52,0,28
1165,train,2.6,3.0,2.9,Smith can't be buried until hearing,13,16,0,0,59,21
1166,train,3.5,3.37,3.25,Spacewalker sets new U.S. record,0,0,0,67,0,23
1167,train,2.9,3.1,3.2,Fortune: India the Superpower? Think again,0,2,12,22,8,46
1168,train,2.7,3.2,3.1,Kerry blasts 'escalation of misguided war',44,17,29,16,28,16
1169,train,2.8,2.9,3.2,Anna Nicole claimant: A prince of a guy?,0,0,0,1,22,27
117,train,3.37,3.12,3.12,Kim Osorio Wins Sexual Harrassment Suit Against The Source,8,8,0,36,3,0
1170,train,3.5,3.2,3.2,'Ronnie' and Eto'o hug and make up,0,0,0,52,0,8
1171,train,3.4,2.9,3.0,Best of the Chicago Auto Show,0,0,0,40,0,11
1172,train,3.6,3.0,3.2,"'Grey's,' 'Betty,' 'Scrubs' get boost",0,0,0,51,0,11
1173,train,1.89,2.89,2.78,Massive mud traps dozens of families,6,0,56,0,76,32
1174,train,3.0,3.0,3.0,"Edwards blogger quits, becomes journalistic martyr",0,0,14,8,34,40
1175,train,2.0,3.4,2.7,Town packs gym to mourn 10 killed in fire,4,0,20,0,82,10
1176,test,3.11,3.22,2.67,Spain ahead although Nadal is out,0,0,7,46,7,28
1178,train,2.6,3.1,3.1,Iran rejects US claims of supplying weapons in Iraq,27,15,34,10,18,9
1179,test,3.2,3.0,3.1,Jakarta begins disinfection,0,0,18,44,6,11
118,train,2.9,2.9,2.9,Silly and substantial,0,1,0,2,0,0
1180,train,2.6,3.0,3.1,"Rowling 'heartbroken,' 'euphoric' at 'Potter's' end",0,0,2,22,44,15
1181,train,3.0,2.9,3.1,Apple revs up Mac attacks on Vista,5,26,5,12,11,23
1182,train,2.29,3.14,2.71,Fear hinders black marrow donation,0,0,51,0,42,11
1183,train,2.8,2.8,2.9,Texan allegedly joined Somalia rebel plot,45,9,19,0,30,29
1184,dev,3.3,3.2,3.2,"U.S. to allow 7,000 Iraqi refugees",4,0,12,33,14,28
1185,train,2.12,3.38,3.5,Japan: Whaling activists 'terrorists',29,22,43,12,10,5
1186,train,2.9,3.0,3.2,'Hannibal' bites the big one,0,2,13,5,0,28
1187,train,2.8,3.2,2.9,Women protest Pakistan demolition,36,26,13,0,26,31
1188,train,3.0,2.9,2.9,Wii news for gamers,0,0,0,43,0,32
1189,test,2.8,2.9,3.0,Democrats look beyond symbolic vote on Iraq,6,8,6,28,3,15
119,test,3.63,3.13,3.12,Official laughs for Borat,24,22,0,34,25,0
1190,train,2.88,3.0,3.0,Portugal to vote on abortion laws,2,8,10,20,13,24
1191,train,2.2,3.6,2.5,Frustration rises as North Korea nuclear talks stall,32,9,40,2,27,2
1193,train,2.56,3.67,2.67,Scam lures victims with free puppy offer,14,22,11,3,20,33
1194,test,3.12,2.88,3.0,Two Koreas to resume talks,1,0,5,47,4,11
1195,test,2.9,3.2,3.0,Mickelson driving force at masters,0,0,0,28,0,9
1196,train,3.0,2.6,3.1,England opt for Bopara over Loye,0,0,0,15,6,15
1197,dev,3.22,3.56,3.33,Create own 'Thrillville' for a wild ride,0,0,5,33,0,14
1198,dev,2.7,3.3,2.8,Edwards' campaign blogger quits amid Catholic controversy,6,7,10,1,18,33
12,train,2.8,3.0,3.0,Nicole Kidman asks dad to help stop husband's drinking,14,0,20,0,28,16
120,train,2.8,3.0,3.1,Speaker Hastert testifies before panel probing sex scandal,9,18,0,0,14,0
1200,train,3.25,3.0,3.13,"Dolphins, sea lions may report for duty soon",0,0,1,33,2,12
1201,train,2.57,2.86,3.0,Nasdaq-LSE battle nears deadline,0,0,26,8,0,13
1202,train,2.8,3.1,2.7,A personal plea for HPV vaccine plan,0,0,13,20,19,13
1203,train,3.1,3.1,3.2,U.S. opens door for Iraqi refugees,2,0,19,46,10,31
1204,test,2.2,3.0,3.1,Swiss plane crashes at Moscow airport,7,0,31,0,82,17
1205,train,3.22,3.22,3.22,Study: napping might help heart,0,0,0,57,0,30
1207,train,2.0,3.25,3.5,"Telecoms giant slashes 12,500 jobs",11,0,19,0,67,24
1208,train,3.5,3.25,3.12,Air France KLM profit rises,0,0,0,59,0,15
1209,train,2.8,3.1,2.9,Uganda parliament votes to send troops to Somalia,8,1,39,16,22,13
121,train,3.0,3.0,3.0,On Educating Sexes Separately,0,0,0,0,0,0
1210,train,3.2,2.9,3.1,King and queen reign at British film awards,0,0,0,53,0,23
1211,dev,3.2,2.9,3.2,Murphys rule box office with 'Norbit',0,0,0,42,7,28
1212,train,2.72,3.43,3.43,Thousands rally in Lebanon,23,8,45,0,19,20
1213,train,3.0,3.0,3.0,Yahoo's mission quest,0,0,0,13,0,10
1214,dev,3.0,2.9,2.9,Area should get 3-5 inches of snow today,0,0,2,28,0,16
1215,train,3.4,3.1,3.2,Miss Brazil wins lawsuit competition,0,0,6,58,0,21
1216,dev,2.1,3.1,2.5,"Snow wreaks havoc in East, Midwest",3,0,44,0,54,18
1217,train,3.0,3.0,3.0,The secrets people reveal,0,6,6,0,0,34
1218,test,3.0,3.0,2.89,Research supports medicinal marijuana,0,0,3,32,4,60
1219,train,3.29,3.29,3.29,All African amputee football games kick off,3,0,3,52,17,16
1220,train,2.5,3.3,2.7,Group: Video shows chopper go down,9,0,26,0,60,23
1221,dev,2.88,2.88,3.0,Sale of Chrysler possible,0,0,0,35,16,19
1222,train,2.5,3.12,3.12,Russia condemns terrorist acts on buses outside Beirut,37,14,43,13,47,5
1223,train,3.7,3.2,3.3,Technology may save India's river dolphins,0,0,5,66,12,20
1224,dev,3.1,3.2,3.1,Airbus A380 superjumbo takes off,0,0,0,59,3,17
1225,train,3.3,2.8,2.9,Naps are great for chaps,0,0,0,60,0,31
1227,train,3.0,3.0,3.0,Corn stoves popping up in U.S. homes,0,0,0,13,0,37
1228,test,2.75,2.75,3.13,Iraq closes borders with Syria and Iran,14,12,38,0,42,24
1229,train,2.5,3.38,2.75,The troubling ending of 'The Departed',11,2,15,0,36,27
1232,train,2.9,2.8,3.1,Obama will run in 2008,0,0,0,49,0,11
1233,train,3.8,3.3,3.2,'Cagney and Lacey' finally coming to DVD,0,0,0,47,0,22
1235,train,2.29,2.71,3.0,Salt Lake City mall shooter was teenager,14,1,19,0,54,50
1238,train,3.1,3.1,3.1,Obama announces presidential bid,0,0,0,37,0,28
1239,dev,3.3,3.0,3.3,Tell your boss: Naps are good for you,0,0,0,40,0,36
124,dev,2.38,3.0,3.12,Ukraine gas deal marred by fears,21,20,84,0,25,0
1240,train,2.5,3.0,2.9,Serbia rejects United Nation's Kosovo plan,28,10,12,0,23,15
1241,test,2.4,2.8,3.0,Amish discuss shootings,4,1,28,0,31,10
1242,train,2.56,3.44,3.44,"Jail me, I ate Ivory Coast chocolate",1,17,1,7,0,25
1243,train,3.0,3.0,3.17,Can North Korea be trusted?,15,14,21,0,6,8
1244,train,2.4,3.0,2.8,Tourism lags in Bush's hometown,0,0,0,0,20,14
1245,dev,2.88,2.88,3.0,Astronaut's arrest tests NASA's mettle,7,0,4,0,16,50
1246,dev,3.38,2.87,3.12,Man gets second chance at space ride,0,0,6,55,0,20
1247,train,3.44,3.11,3.33,"Go ahead, take a nap, science says",0,0,0,39,0,40
1248,train,2.9,3.2,3.0,Weekly Nielsen will 'Lost' find its way back?,0,0,11,17,9,11
1249,train,2.44,3.0,2.78,Brith Airways baggage charges cause confusion,5,13,4,0,14,18
125,train,2.5,3.12,3.0,Marathon victory comes at heavy cost,5,0,0,38,38,0
1250,train,2.0,3.5,3.13,Indonesian with bird flu dies,0,0,45,0,73,21
1252,train,2.86,3.14,3.29,New York City may ban iPods while crossing street,3,0,8,25,16,28
1253,train,2.7,3.4,3.0,Boy allegedly told to kill by mom gives up,21,14,9,16,56,33
1254,dev,3.67,3.33,3.0,Gray wolves off endangered list,0,0,18,55,6,12
1255,dev,3.0,3.29,3.29,Vista's hyped security will be tested,0,0,8,9,0,1
1256,dev,2.2,3.5,3.3,UK police slammed over terror raid,23,11,48,0,15,17
1257,train,2.1,3.6,2.4,Mogadishu residents flee blasts,4,0,35,8,22,14
1258,test,2.3,3.2,2.7,Bomb kills 18 on military bus in Iran,2,1,65,0,85,21
1259,train,3.5,3.5,3.37,"'WarioWare,' Wii make perfect fit",0,0,0,27,0,12
126,train,2.5,2.83,2.66,College tuition continues climbing,54,31,3,0,40,3
1260,dev,2.6,2.9,2.8,U.S. at odds with cleric's aide,11,2,27,0,11,8
1261,train,2.62,3.12,3.12,Desperate Iraqi mother relies on militia for help,14,3,21,0,67,21
1262,train,3.0,3.0,3.0,Full details of the EU report on Iran,6,0,14,12,11,16
1263,train,3.4,3.1,3.0,Singer on Cowell: Glad he was mean,0,4,0,20,2,8
1264,test,2.57,2.71,2.86,Jones faces Europe meetings snub,4,2,6,0,21,9
1265,train,3.3,3.3,3.1,Beckham goal helps Real snatch win,0,0,0,53,0,12
1266,train,2.8,3.1,2.8,Guinea: Plan offices close as country declares emergency,0,0,43,0,17,14
1267,train,3.44,3.22,3.22,Japan's economy grows,0,0,0,62,0,15
1268,train,2.71,3.29,3.14,United Nations peacekeepers raid Haitian slum,3,0,7,28,22,20
1269,train,3.1,2.6,3.0,Work starts on Arctic seed vault,0,0,1,45,0,21
127,dev,2.13,3.62,2.62,German paper shows soldiers desecrating skull,43,66,17,0,37,0
1270,train,3.3,3.0,3.1,Social networking goes mobile,0,0,0,45,0,20
1271,train,3.14,3.0,3.14,"Beauticians cut, curl, offer stroke-prevention info",0,0,0,40,1,29
1272,train,3.5,2.9,3.0,"Siesta cuts risk of heart disease death, study finds",0,0,6,49,3,55
1273,train,3.0,2.9,3.0,Thomas Cook to merge with MyTravel,0,0,0,29,0,20
1274,train,3.7,3.0,3.1,Nap your way to a successful career,0,0,0,37,0,29
1275,test,2.5,3.3,3.1,Village buried by 100 inches of snow,3,0,47,1,50,21
1276,train,3.2,3.1,3.2,Oprah announces new book club pick,0,0,0,39,0,23
1277,train,3.33,3.11,3.22,The science of love ... and lust,0,1,1,23,0,8
1278,train,2.22,3.0,3.0,"Northeaster cancels flights, shuts schools",11,1,11,0,47,20
1279,train,3.29,2.57,3.0,Napping may be good for your heart,0,0,0,51,0,35
128,train,2.55,3.18,3.0,"War is close, Ethiopia tells Somali rebels",52,33,57,12,40,0
1280,dev,2.2,3.2,2.8,Ryan O'Neal injured son's girlfriend,32,1,11,0,51,32
1281,test,2.2,3.0,2.6,Chrysler's Valentine's Day massacre,0,13,46,2,60,22
1282,train,2.6,3.1,3.2,Madrid bombings trial begins,1,0,46,34,36,13
1283,dev,2.7,3.3,3.0,Fight starts over HPV vaccine,14,22,10,14,11,11
1284,train,3.3,3.2,3.1,Autos drive European gains,0,0,1,48,0,19
1285,train,2.9,2.9,3.1,James Brown's partner can get her things,0,0,2,21,6,4
1286,train,2.4,3.0,3.0,Auto show canceled,0,0,0,2,35,17
1287,train,2.82,2.91,2.82,UK luxury maker Burberry: 'Made in China'?,0,1,0,0,3,30
1288,train,3.4,3.3,3.1,On-the-job naps might cut heart risk,0,0,4,43,0,42
1289,dev,3.12,3.12,3.0,"No. 1 Florida survives Rupp Arena, streak hits 16",0,0,0,39,0,6
129,train,3.2,3.2,3.2,Advantage Cardinals with Suppan in Game 4,0,0,0,4,0,0
1290,train,2.9,3.1,3.0,J.K. Rowling marks spot of 'Potter's' end,0,0,2,6,36,21
1291,train,3.3,3.0,3.4,Gronholm takes a commanding lead,0,0,0,37,0,6
1292,train,2.67,3.44,3.56,Howard slams Obama on Iraq policy,29,18,9,1,8,12
1293,train,3.1,3.1,2.9,Manila hints at ransom approval,3,1,8,0,16,11
1294,train,3.0,2.9,2.9,Champion Murray too good for Kim,0,4,0,8,3,7
1295,train,2.9,3.0,3.0,"G7: Yen skates by, yuan singled out",2,0,4,8,15,6
1296,train,2.7,2.9,2.8,Gunman 'was Srebrenica survivor',4,0,19,7,17,30
1297,train,3.0,3.0,3.2,Cutting through the clutter to get things done,0,3,9,21,9,14
1298,train,3.67,3.22,3.0,Mother: Lohan is doing 'great' in rehab,2,0,10,47,17,19
1299,train,3.1,3.1,3.1,Who's going to win at the Grammys?,0,0,1,31,0,20
13,test,3.3,3.2,3.1,United Finds Good Connection in Win,0,0,0,63,0,6
130,train,3.1,2.9,2.9,NASA spacecraft to measure Sun,0,0,0,29,0,26
1300,train,2.5,2.88,3.25,"Libby defense upsets judge, rests",9,13,7,0,12,31
1301,train,3.0,3.0,3.0,Breakup rings find new homes,0,0,2,17,31,10
1302,train,2.6,2.9,2.9,Gronholm ahead as Solberg crashes,0,0,0,37,11,9
1303,train,2.8,2.9,3.0,'Norbit' a waste of Murphy,0,8,0,0,20,6
1305,train,2.1,3.0,2.9,12 dead in Lebanese minibus bombings,11,0,61,0,87,9
1306,train,2.1,3.2,2.9,Sex torture claims hit Russia army,25,45,21,0,35,20
1307,train,3.0,2.75,3.0,Mega-marsupials once roamed Australia,0,0,2,7,4,52
1308,train,3.0,2.82,3.09,Rupert Murdoch's secret TiVo,0,0,3,3,0,23
1309,train,2.37,3.25,2.63,"UPDATE 1-Plane crashes at Moscow airport, no passengers",3,0,42,16,50,29
131,train,2.8,3.1,3.2,"Sony Hates Europeans, Will Prevent The Importing of PS3",34,8,0,0,0,22
1310,train,3.0,3.1,3.1,HPV vaccination stirs heated debate in America,30,0,20,6,10,38
1311,train,2.9,3.1,3.2,Court TV: Accused killer tells jury a love story,8,17,16,3,14,45
1312,train,3.1,3.4,3.0,Whistle-blowing Web site exposed,0,0,7,22,7,37
1313,test,3.8,3.2,3.3,"Start late, retire rich",0,0,0,32,1,32
1314,train,3.1,3.2,3.3,Somali PM vows to bring Islamists to justice,30,17,15,18,17,4
1315,train,3.0,3.0,3.0,Swingers more common than most think,0,3,5,8,11,29
1316,train,2.75,3.25,3.25,Anna Nicole Smith fans mourn in cyberspace,3,0,0,0,70,7
1317,train,2.5,3.1,2.8,Antibiotic Ketek more dangerous than thought,9,0,56,0,8,44
1318,dev,3.38,2.88,3.38,Time to book your cruise,0,0,0,45,0,19
1319,train,2.71,2.57,2.43,'Blazing Angels' for PS3 fails to soar,0,0,12,4,42,12
132,test,3.36,3.09,3.18,Flu Vaccine Appears Safe for Young Children,0,0,6,45,0,0
1320,train,2.78,3.0,3.0,North Korea aid demand stall talks,7,0,12,0,29,13
1321,train,2.4,2.8,2.8,Cartoon Network head steps down,0,0,13,4,43,28
1322,train,3.14,3.29,3.0,Malaysia aggressively wooing tourists,1,0,4,49,0,27
1323,train,2.8,3.0,3.0,Anna Nicole Smith's Bahamas home seized,2,5,9,1,49,19
1324,train,2.89,3.11,3.0,Andromeda involved in galactic collision,0,0,19,0,27,48
1325,test,3.0,2.9,3.0,Rwanda mulling 3-kid limit for families,0,0,5,36,13,32
1326,train,3.1,3.1,3.2,Wilkinson sets record in tame win,0,0,0,57,0,18
1327,train,3.3,3.0,3.1,Army engineers say dam safe,0,0,12,43,0,16
1328,train,3.1,3.3,3.1,France: Al Qaeda suspects arrested,8,4,43,31,12,17
1329,train,3.0,3.0,2.9,Utah gunman survived Srebrenica,7,9,10,15,12,13
133,train,3.2,2.9,2.9,Google To Launch Yet Another Search Tool,0,0,0,21,0,6
1330,train,3.0,2.9,3.0,Creating a whole album in a month?,0,0,0,22,0,42
1331,train,2.7,3.0,3.0,India to test new nuclear missile,10,4,71,0,24,22
1332,train,3.1,2.9,3.2,G7 to China: Ease exchange rate grip,4,3,10,0,13,15
1333,train,2.9,2.8,2.9,Hatton hands back IBF title again,2,5,0,17,16,7
1334,train,2.89,3.0,2.89,"Bernanke: Economy healthy, but...",0,0,16,8,9,12
1335,train,3.0,2.8,3.0,"Mickelson, Sutherland share lead",0,0,0,37,0,6
1336,train,3.3,3.0,2.9,"Napping is good for your heart, study finds",0,0,0,51,0,42
1337,train,3.0,2.78,3.0,Princess Masako author: No regrets,0,0,0,10,3,11
1339,train,3.5,3.4,3.2,Malaysia launches tourism campaign,0,0,0,54,0,27
134,train,3.0,3.0,2.9,Tropical Storm Paul's Outer Bands Hit Mexico's Baja California,16,0,32,0,57,0
1340,train,2.9,3.0,3.1,Study: Africa's Internet gap getting wider,2,0,7,0,52,12
1341,dev,2.14,3.14,3.0,Travel chaos as heavy snow hits UK,4,7,32,0,28,20
1342,train,3.1,3.0,3.3,Paula Abdul: 'I have never been drunk',1,4,0,6,1,24
1343,dev,2.5,2.8,3.1,Salmonella outbreak traced to peanut butter,4,0,70,0,16,19
1344,train,2.6,3.4,3.3,Putin: U.S. force fostering nuke ambitions,27,0,43,0,13,11
1345,train,3.0,3.0,3.1,"Nuke detectors to ring New York, official says",0,0,45,12,8,12
1346,train,2.1,3.2,2.6,Double bus-bombing kills three in Lebanon,10,0,65,0,81,20
1347,train,2.6,3.1,3.0,Davydenko out as seeds scattered,0,0,2,8,16,19
1348,train,3.2,3.4,3.5,Obama: I'm running for president,0,0,0,31,0,20
1349,train,3.1,3.0,3.1,Paterson boots Scotland to victory,0,0,0,58,0,9
135,dev,2.5,2.9,2.8,Israeli Bomblets Plague Lebanon,54,48,67,0,39,0
1350,train,2.88,3.0,3.12,"African-Americans are organ donors these days, but what about bone marrow?",0,0,14,13,12,25
1351,dev,3.5,3.0,3.38,Study: On-the-job naps might help heart,0,0,2,44,0,40
1352,train,2.7,3.0,3.2,"Guinea capital largely calm under curfew, marital law",0,0,40,21,9,20
1353,dev,3.2,2.9,3.0,Bosses sleeping on idea of letting workers take naps,0,0,3,20,10,39
1354,train,2.8,3.2,3.0,Teacher's porn conviction sparks tech debate,29,42,16,0,18,30
1355,train,3.0,2.71,3.0,Singapore pampers its waterfront promenade,0,0,0,44,0,19
1356,train,3.0,3.1,3.1,Rwanda mulls three-child limit,0,0,3,24,14,32
1357,train,2.8,2.9,2.7,Samsung settles price-fixing lawsuit,5,5,7,29,8,13
1358,test,3.0,2.7,3.2,"Radical cleric al-Sadr in Iran, U.S. insists",14,12,35,0,18,24
1359,test,3.38,3.25,3.0,Reports: Harvard set to name first female president,0,0,0,60,4,33
1360,train,2.9,3.0,3.1,Iraq unveils new security plans,0,4,33,15,12,34
1361,train,3.1,3.0,3.2,University offers support to New Orleans school,0,0,0,54,0,20
1362,train,2.5,2.9,2.9,"Storm causes slick, icy roads",2,4,39,0,21,5
1363,dev,1.8,3.6,2.7,South Korea fire kills 10 foreigners,0,1,40,0,75,27
1364,test,3.1,3.1,3.1,Prehistoric lovers found locked in eternal embrace,0,0,0,45,12,48
1365,train,3.0,3.1,3.2,Charts: Is your city lean or lethargic?,0,0,4,5,4,9
1366,test,3.0,3.0,3.0,Peru leader questioned in massacre probe,28,17,19,14,30,14
1367,train,3.3,3.2,3.2,U.S. commander: Iraq not hopeless,7,10,12,34,12,20
1369,train,3.0,3.2,3.2,Mardi Gras rebound in the offing for New Orleans?,2,0,3,47,3,27
137,train,2.9,3.1,3.2,U.S. Weighs Sanctions Against North Korea,61,32,23,0,44,0
1370,test,3.43,3.14,3.0,Siestas may cut heart disease risk,0,0,4,54,2,30
1371,test,2.4,3.3,2.9,"Oregon snorkeler mistaken for rodent, shot in face",8,0,22,0,73,26
1372,train,2.67,3.0,3.44,Petraeus takes command in Iraq,11,5,21,8,5,8
1373,train,1.75,3.5,2.25,6 dead after Utah Mall shooting rampage,36,0,43,0,76,22
1374,train,2.1,3.2,2.9,Sharks kill four people in 'dull' year,3,0,41,0,67,23
1375,train,3.2,3.4,3.0,Record-shattering day on Wall St.,0,0,0,52,0,29
1376,test,2.6,3.4,3.6,Comedian says government silences critics,4,11,6,7,13,11
1377,train,3.44,3.11,3.11,Rockers big winners at Brit Awards,0,0,0,64,0,13
1378,train,2.5,2.9,2.7,Samba school leader killed before Rio carnival,13,0,34,4,83,25
1379,train,2.8,3.2,3.0,"Taiwan's 'Mr. Clean' indicted, steps down",0,8,4,12,41,26
138,test,3.0,3.0,3.1,"Rice, in Baghdad, Insists That Iraqis Are",37,33,26,0,33,0
1380,train,2.56,3.0,3.22,Woman fights to keep drunken driver in jail,54,15,17,25,6,19
1381,train,2.1,3.5,2.8,Al Qaeda group calls for attacks on U.S. oil,49,10,78,0,15,20
1382,dev,2.88,3.0,2.75,Cousin: Gunman was Srebrenica survivor,9,2,13,15,16,13
1383,train,3.11,2.78,3.22,Turkmenistan votes for president,0,0,0,33,0,11
1384,test,2.9,3.0,3.1,Here is some advice to take to heart...,0,0,0,12,0,17
1385,train,3.0,3.0,3.0,10 don't-miss tax breaks,0,0,4,6,2,6
1386,train,2.63,3.12,3.12,Police break up Kosovo protests,37,0,10,20,17,10
1387,dev,3.3,3.2,3.1,Messi makes Barcelona squad return,0,0,0,14,13,13
1388,dev,2.4,3.1,2.9,Jump reported in accidental drug-overdose deaths,3,0,21,0,77,23
1389,dev,2.4,3.1,3.0,Catania punished for fan violence,27,0,11,0,44,13
139,train,2.86,3.57,3.43,Senator Says U.S. Should Rethink Iraq Strategy,0,0,0,30,33,33
1390,train,3.42,3.33,3.25,Isinbayeva sets 20th world record,0,0,0,69,0,31
1391,train,2.43,3.0,2.86,Lawmakers blast FDA drug safety oversight,31,9,15,14,26,14
1392,train,3.5,2.9,3.2,Regular naps make hearts healthy,0,0,2,47,0,41
1393,train,2.86,3.29,2.86,Ice stops trolleys cold,0,0,9,0,29,0
1394,train,2.9,3.0,3.0,U.S. gunman 'was Srebrenica survivor',7,9,14,12,18,27
1395,test,1.89,3.22,3.0,Outdated baby food found on shelves,9,37,14,0,33,21
1396,train,2.45,2.73,2.91,Tow truck drivers accused of stealing cars,17,28,13,0,17,11
1397,train,3.0,3.0,3.4,Bush: It's time for Congress to back energy plan,7,11,15,21,13,2
1398,train,2.8,3.0,3.1,UK soldiers cleared of Iraq abuse,2,10,6,33,5,12
1399,train,3.0,2.9,3.0,FDA revises label warnings on the antibiotic Ketek,11,5,19,34,8,17
14,train,3.1,2.9,3.1,'Runway': Making Good Without Making Nice,0,3,0,22,0,6
1400,dev,3.14,3.0,3.0,Toshiba Portege R400,0,0,0,7,0,7
1401,train,2.43,3.0,3.43,South Africa mourns Adelaide Tambo,0,0,0,0,76,7
1402,dev,3.2,3.0,3.0,Evacuees can return home after plant blast,6,0,14,51,16,15
1403,train,2.8,3.0,2.8,Anna Nicole Smith's body lies in legal limbo,0,0,0,0,68,18
1405,train,2.8,3.1,3.3,France rejects Rwandan investigators,30,5,13,0,25,19
1406,train,3.2,2.5,3.2,A nap a day may keep the heart doctor away,0,0,2,40,0,44
1407,train,3.1,3.1,3.0,"Higley, Gonzalez lead in Malaysia",3,4,5,25,10,12
1408,train,3.5,3.5,3.0,Grammys ready to name winners,0,0,0,40,0,18
1409,train,2.8,3.1,3.2,Pound will not drop Armstrong case,9,0,4,5,3,9
141,train,2.86,2.71,2.86,Turkish Writers Say Efforts to Stifle Speech May Backfire,49,11,45,8,35,0
1410,train,3.2,3.1,3.1,Reunited Police to start world tour in May,0,0,0,39,0,7
1411,train,3.0,3.0,3.0,Turkmen acting leader sworn in as new president,0,0,0,33,0,13
1412,dev,3.3,3.4,3.2,Allen and Okur get All-Star call,0,0,0,37,0,9
1413,train,3.22,3.22,3.22,Svindal claims are golden double,0,0,0,22,0,4
1414,train,2.0,3.25,2.88,"Trolley Square shooting leaves 6 dead, including gunman",12,0,57,0,87,18
1415,train,2.38,3.0,2.88,Bridge blast stops I-95 traffic,7,0,51,0,28,24
1416,train,2.0,3.43,3.0,"Mother, daughter stabbed near school",5,4,49,0,74,25
1417,dev,2.88,2.88,3.12,Excerpt: Politicians and the press,0,11,3,0,0,0
1418,train,3.0,3.1,3.2,North Korea gets 'money and respect',1,0,2,24,2,12
1419,train,3.4,3.3,3.3,Beyonce in a bikini as SI's swimsuit cover model,4,4,2,24,5,7
142,train,2.1,3.2,2.8,Kurdish Lawmaker Killed in an Attack in Baghdad,52,42,75,0,59,0
1420,train,3.87,3.25,3.12,Loving with all your ... brain,0,0,0,32,0,40
1421,train,2.7,3.2,3.0,Shoplifters' choice: Police or T-shirt of shame,17,21,8,11,11,32
1423,train,3.0,2.7,3.2,Slow 'Music and Lyrics',0,0,0,20,0,6
1424,train,3.3,3.3,3.2,Mexican navy helps in hunt for U.S. engineer,0,0,9,36,10,17
1425,train,3.0,2.83,2.83,Smith baby may not be pot of gold,0,2,3,5,19,16
1426,train,3.0,2.88,3.25,Latest updates on world's top stories,0,0,2,0,0,2
1427,train,2.29,3.29,2.86,Beating leaves teen in coma,44,13,31,0,82,13
1428,train,3.0,2.8,2.8,Tiempo Libre has Grammy dreams,0,0,0,42,0,11
1429,dev,3.1,3.2,3.0,GPS sneakers locate with press of a button,0,1,0,22,0,34
143,train,2.7,2.9,3.1,Anti-U.S. Attack Videos Spread on the Internet,63,45,58,0,54,0
1431,test,2.57,3.14,3.43,Britons deported from Somalia held under Terrorism Act,19,15,42,0,25,14
1433,train,3.7,3.6,3.2,Breast cancer drug promises hope,0,0,10,57,8,24
1434,train,2.7,2.7,3.0,Ancient coin shows Cleopatra was no beauty,0,0,0,0,0,60
1435,test,3.2,3.1,2.9,YouTube yields surprising payback,0,0,0,40,0,53
1436,train,2.88,3.0,3.0,Up to 22 inches of snow in forecast,0,0,14,4,6,48
1437,dev,3.0,2.9,2.9,Werder make 10-man Ajax pay price,0,3,0,22,3,6
1438,train,2.8,3.1,3.2,EU condemns 'illegal' CIA flights,45,13,15,27,25,5
1439,train,2.3,2.8,3.1,Report links humans to global warming,21,12,47,0,31,8
144,train,2.25,3.0,2.5,"Women Face Greatest Threat of Violence at Home, Study Finds",51,62,57,0,58,17
1440,train,3.0,3.3,3.1,UN nuclear watchdog slashes Iran aid,22,8,10,11,15,13
1441,test,3.0,2.86,2.86,Survey: Tech a tool in teen dating abuse,7,23,10,6,43,18
1442,train,3.6,3.7,3.4,The breast cancer breakthrough saving 1000 women a year,3,0,4,55,3,39
1443,train,3.0,3.0,3.25,"Tourist spot resists gravity, but not progress",0,0,4,8,17,3
1444,train,3.0,2.78,2.89,The NFL's 20 biggest potential free agents,0,0,0,28,0,9
1445,train,3.3,2.8,3.1,World tourism sets record in 2006,0,0,0,55,0,21
1446,train,2.11,3.22,2.67,BA to charge $470 for an extra bag,17,9,11,0,15,23
1447,train,3.5,3.2,3.2,Kuerten returns to winners' circle,0,0,0,41,0,17
1448,train,3.1,2.8,3.1,World's oldest newspaper now exists only online,0,0,4,26,30,33
1449,test,2.4,2.8,3.0,Japanese whaler afire in Antarctic,8,7,13,0,40,8
145,train,2.9,3.1,2.9,Appeal by Chinese Researcher for Times May Soon Be Heard,0,0,0,8,0,1
1450,train,2.43,3.57,2.43,EU document: Iranian bomb unstoppable,12,0,60,0,28,19
1451,train,3.2,3.1,3.1,U.S. urged to lead on 'green' actions,3,0,9,32,9,9
1452,train,3.0,3.25,3.12,See if your city is one of the United States' top 10 fittest or fattest,5,7,13,11,11,32
1453,train,2.4,3.4,2.7,Lee in pre-World Cup injury scare,0,0,33,0,21,6
1454,train,3.88,3.62,3.25,New cancer drug to save a thousand lives a year,3,0,5,65,5,42
1455,train,2.6,3.0,3.1,Ex-teacher guilty in nude-pictures scheme,17,68,15,0,15,30
1457,train,3.0,3.0,3.0,Founder returns to Dell helm,0,0,0,38,0,23
1458,dev,3.45,3.09,3.37,Charles Gibson takes over first place,0,0,0,43,0,16
1459,train,2.2,2.9,2.6,Ex-Border Patrol agent beaten in prison,24,9,14,0,61,25
146,train,2.38,3.25,2.75,Brazil Air Force Cites Faults and Confusion in Fatal Crash,15,0,43,0,68,11
1460,train,2.8,3.0,3.1,'Made in China' irks some Burberry shoppers,30,22,0,0,10,19
1461,dev,3.3,3.3,3.1,Stonehenge workers' village found,0,0,0,17,0,55
1462,train,3.0,2.89,3.0,Who is Prince Frederic von Anhalt?,0,0,0,3,0,11
1464,train,3.0,3.0,3.0,Ethiopia readies for millennium all its own,3,0,11,22,12,21
1465,train,3.5,3.0,3.0,Good news for slackers: Naps may cut risk for heart problems,0,0,3,50,1,42
1466,train,2.8,3.0,2.8,Snowbirds shortening their Florida stays,5,0,9,0,26,22
1467,test,3.33,3.22,3.11,Win a (concert) date with the Police,0,0,10,33,6,12
1468,train,3.0,3.0,2.82,"Snow begins, heavy accumulations expected",2,0,37,4,11,11
1469,dev,3.12,3.0,2.88,"Jet flips in snowstorm, none dead",0,0,30,35,29,18
147,train,3.0,2.67,3.0,A Mix of Oil and Environmentalism,29,29,33,0,33,0
1470,train,2.6,3.7,3.0,Frantic 911 call in Ryan O'Neal case,0,0,28,0,15,30
1471,train,3.4,3.3,3.3,Durant's success trumps the Gators,0,0,0,43,0,8
1472,train,2.6,2.8,2.9,Scientist snoops in astronauts' journals,4,30,9,4,8,19
1473,train,3.5,3.1,3.1,YouTube founders split $650M payout,0,0,0,38,0,23
1474,train,2.8,2.8,3.1,African nation hopes Whoopi can help,0,0,1,35,1,12
1475,train,3.1,3.0,3.0,United hang on to six-point lead,0,0,2,29,2,7
1476,test,2.5,3.2,2.7,Lawyer seizes Smith's Bahamas home,3,0,9,0,42,11
1477,train,2.88,3.13,2.75,Was Prince's super show too revealing?,0,7,11,7,4,28
1478,train,2.9,2.7,2.8,Clijsters looks for a long goodbye,0,0,6,4,33,18
1479,train,2.86,2.86,2.71,Snow's too deep even for snowmobiles,2,2,29,0,15,40
148,train,3.18,3.45,3.27,Immigrants and French Reach Deal in Standoff,18,0,0,50,28,0
1480,train,2.9,2.7,3.1,Study: Female seals picky about mates,0,0,0,5,0,39
1481,test,2.7,3.3,3.0,"ROUNDUP: Protests erupt despite ""state of siege"" In Guinea",42,3,35,0,20,18
1482,train,2.4,3.0,2.9,Study: More kids exposed to online porn,35,64,44,0,28,12
1483,test,3.25,3.25,3.12,Beyonce new SI bikini cover girl,0,4,2,26,5,2
1484,train,3.29,3.29,3.43,"Marijuana helps ease HIV nerve pain, study says",0,0,9,33,12,67
1485,train,2.38,3.0,2.88,Serena misses Bangalore tournament,0,0,3,0,36,11
1486,train,2.0,3.1,2.8,"Dryer blamed for fire killing 39 cats, dogs",10,3,11,0,74,25
1487,train,3.22,2.89,3.22,"Roddick, Murray score in San Jose",0,0,0,27,0,7
1488,dev,3.11,2.89,3.11,Apple trademark dispute settled,12,0,0,32,6,10
1489,train,3.33,3.22,2.89,U.S. online love brokers eye China,0,5,6,1,21,18
149,train,2.7,3.2,3.1,Genghis Khan Beer? Mongolia Grimaces,20,0,0,15,0,20
1492,train,2.71,3.29,3.0,Taliban leader killed in airstrike,3,0,22,29,53,14
1493,train,3.1,3.2,3.1,Escape to Prague without the summer hordes,0,0,0,34,0,24
1494,test,3.1,3.3,2.8,Kathmandu: First snow in 63 years,2,2,12,4,15,77
1495,train,2.4,2.9,3.1,Nasdaq fails in bid for LSE,0,1,3,0,41,12
1496,train,2.44,3.11,2.67,Ex-pastor gets death sentence,5,6,12,0,73,44
1497,dev,2.88,3.25,3.0,Baby born on turnpike after dad misses exit,0,0,11,34,13,57
1498,train,3.1,2.8,3.1,Study links chimps and 'hammers',0,0,0,14,0,43
1499,train,2.9,3.1,3.0,UN-Google Earth map climate change,10,6,14,41,17,31
15,dev,2.2,3.6,3.0,"We were 'arrogant and stupid' over Iraq, says US diplomat",42,30,25,23,81,45
150,train,2.8,3.1,3.0,Dead Bachelors in Remote China Still Find Wives,0,0,0,20,14,27
151,train,3.0,2.71,3.0,"Managua Journal: Hold the Mojito and Margarita, Nicaragua Has el Macu",0,0,0,0,0,0
153,train,2.75,2.88,3.12,Paris Journal: Smoking No Longer Tres Chic in France,0,4,0,40,2,21
154,train,2.9,3.0,2.9,An Old Letter Casts Doubts on Iran's Goal for Uranium,0,0,25,8,0,39
156,train,2.0,3.33,3.0,Global Sludge Ends in Tragedy for Ivory Coast,0,0,11,4,71,0
158,train,2.3,2.8,2.8,Equipment on Plane in Brazil Collision May Have Been Faulty,49,33,46,0,67,38
16,train,2.6,2.7,2.9,Bad reasons to be good,9,3,0,15,25,3
160,train,2.3,3.1,3.0,Iraqi Journalists Add Laws to List of Dangers,7,0,47,0,28,13
161,train,2.9,3.1,3.0,U.N. Force Is Treading Lightly on Lebanese Soil,0,0,32,24,32,0
162,train,3.0,2.8,3.0,Cleric Said to Lose Reins Over Part of Iraqi Militia,33,33,33,0,38,9
163,train,2.7,3.1,3.0,"Citing Spy Agencies' Study, Democrats Seek Iraq Changes",0,0,0,33,0,36
164,train,2.7,3.1,2.8,Opera Canceled Over a Depiction of Muhammad,3,0,0,0,28,0
165,train,2.88,2.75,3.0,Military Officials Add to U.S. Criticism of Iraq's Government,25,2,7,30,0,26
166,train,2.17,3.5,2.33,Teacher in Hiding After Attack on Islam Stirs Threats,13,2,38,0,36,0
167,dev,2.9,3.1,3.2,Combative Bush Releases Parts of Terror Study,34,17,49,0,0,21
168,train,2.8,2.9,2.9,Growing Unarmed Battalion in Qaeda Army Is Using Internet to Get the Message Out,39,37,56,0,35,6
169,train,2.9,3.0,3.0,"Iraqi Linked to Sunni Bloc Is Held in Plot, Military Says",32,33,41,0,31,0
17,train,2.7,3.2,3.1,Madonna's new baby's daddy didn't realize adoption was `for good',0,0,2,9,7,62
170,train,3.0,3.14,3.14,"Seduced by Snacks? No, Not You",26,30,0,4,28,0
171,train,3.4,3.1,3.2,Friends for Life: An Emerging Biology of Emotional Healing,0,0,0,87,0,16
172,train,2.12,2.63,2.88,"Alzheimer's Drugs Offer No Help, Study Finds",33,0,16,0,91,47
173,train,2.38,3.0,2.87,"Across Europe, Worries on Islam Spread to Center",10,9,19,0,43,0
174,train,2.9,2.8,3.1,Cooking Defines Sephardic Jews at Sukkot,0,0,0,49,0,0
175,train,3.4,3.2,3.1,"Fitness: Bodies in Motion, Clean and Sober",0,0,0,64,0,0
176,train,3.1,2.8,3.1,In God's Name: Religion-Based Tax Breaks: Housing to Paychecks to Books,0,0,0,10,0,10
177,train,2.1,2.9,2.4,"Yankee Dies in Plane Crash, Official Says",0,0,9,0,93,0
178,train,3.0,3.0,3.0,An Elephant Crackup?,11,0,0,14,31,0
179,train,3.67,3.33,3.17,"With YouTube, Grad Student Hits Jackpot Again",0,0,0,72,0,42
18,train,3.5,3.1,3.4,Women in their 60s 'are perfectly good mothers',19,19,23,24,26,11
180,train,3.3,3.0,3.1,Dow flirts with record highs again,0,0,0,67,0,51
181,dev,2.5,3.12,2.88,Tropical Storm Isaac forms in Atlantic,0,0,86,0,10,0
182,train,2.3,3.3,3.1,New Iraq terror tape calls for abducting foreigners,37,35,95,0,37,0
183,train,2.4,3.0,2.8,'Deep regret' for ex-HP exec,0,4,0,0,40,6
184,train,3.2,3.1,3.0,'Opportunity' knocks on geologist's dream crater,0,0,0,13,0,3
185,test,2.3,3.4,2.8,Squirrel jumps boy in park; rabies suspected,28,4,61,0,28,62
187,train,3.1,3.1,3.1,Porn star candidate campaigns on campus,31,36,0,28,33,20
188,test,2.64,3.0,2.55,School ends football season after 0-4 start,0,0,0,0,5,5
189,test,3.1,3.1,2.9,Charlie Sheen to become highest-paid sitcom star,3,3,0,54,0,10
19,train,2.33,3.33,3.44,We're a pretty kind 'bully',0,0,0,13,0,0
190,train,2.7,3.2,2.6,Jon Stewart mocks benefits of CNN's I,13,13,0,0,5,21
191,train,2.89,2.89,3.11,Ashton Kutcher tells secret to Ryan Seacrest,0,0,0,8,0,11
193,train,3.0,3.14,3.0,Gunman 'fine' before shooting,6,6,6,0,22,10
194,train,3.3,3.3,3.2,Marijuana may stave off Alzheimer's,0,2,0,25,0,47
195,train,2.9,3.1,3.4,Kentucky seeks alcohol huffing ban,4,4,17,32,0,25
196,train,1.7,3.1,2.7,Toddler died from tainted spinach,59,26,27,0,89,22
197,train,2.9,3.1,3.0,Judge dismisses Karr's porn case,6,6,0,3,0,13
198,train,1.9,3.2,2.8,10 die in 22-hour Kashmir standoff,50,38,62,0,54,0
199,train,2.4,2.9,2.8,Slain Amish girls laid to rest,22,7,35,0,76,0
2,dev,3.7,2.9,3.1,Goal delight for Sheva,0,0,0,93,0,38
200,train,2.43,3.0,2.86,"5,000 flee plant fire",30,0,85,0,37,0
201,train,3.0,3.1,3.0,Cher auction fetches double pre-sale estimates,0,0,0,45,0,21
202,dev,2.9,3.0,3.1,Stars scuffle on 'Grey's Anatomy',15,16,0,0,0,0
203,train,2.5,2.7,3.0,Probe under way in Yankee crash,2,0,14,8,55,0
205,train,2.64,3.09,3.0,Warner will not run in '08,0,0,0,0,33,3
206,train,2.67,2.67,2.67,Reid land deal under scrutiny,2,0,0,0,3,5
207,train,2.57,2.86,2.71,"Flooding washes out road to Valdez, Alaska",0,0,36,0,39,10
208,train,2.6,3.0,3.1,Briton admits U.S. bomb plot role,23,21,28,0,33,0
209,train,2.78,3.44,3.11,Commentary: Minutemen have a right to be idiotic,7,0,0,2,0,0
210,train,3.4,3.5,3.2,Madonna files adoption papers,0,0,0,30,0,16
211,train,2.56,3.22,3.0,Gunmen kill 9 at Iraqi TV station,28,31,69,0,58,0
212,train,2.7,3.1,3.3,Hastert sorry for scandal but not quitting,4,7,0,0,27,3
213,train,2.89,3.11,3.0,Ex-JonBenet suspect: Child porn case dropped,5,5,0,4,0,0
214,test,1.87,3.37,2.5,"Waste plant fire forces 5,000 to evacuate",26,6,30,6,66,0
215,train,1.62,3.75,2.75,Toddler died from E. coli tainted spinach,25,26,8,0,83,0
216,train,2.0,3.44,2.78,Disturbing finds in child sex raids,50,59,4,0,42,0
217,train,2.5,2.5,3.0,Magazine lists women who had abortions,40,27,0,0,33,14
218,train,3.1,3.2,3.0,"Pot smokers may avoid Alzheimer's, study says",0,0,4,10,0,66
219,train,3.11,2.89,3.22,Student starts white men's club on campus,7,29,13,0,33,19
22,train,3.3,3.6,3.1,Kidnapped AP photographer freed in Gaza,30,28,50,49,31,37
220,train,2.9,2.7,3.0,Kentucky wants to ban alcohol inhalers,0,0,8,5,0,16
221,test,3.2,3.0,3.0,Peter Pan flies into chapter two,0,0,0,25,0,26
222,train,3.4,3.3,3.1,Teen repellent inventor wins infamous prize,0,20,0,41,0,17
223,dev,2.91,3.0,2.82,"Cher's dress, car, bed have new owners",0,0,0,17,0,2
224,train,3.5,3.4,3.5,"Dow hits new record, eyes 12,000",0,0,0,49,0,0
225,train,3.0,2.67,3.11,Ex-Virginia gov not running for president,0,0,0,0,0,2
226,train,3.1,3.0,3.0,Yankee pitcher's pilot log found,0,0,0,0,0,9
228,dev,2.56,3.0,3.22,Dem leader's $1 million land deal under scrutiny,15,10,0,6,13,11
229,dev,2.5,2.83,3.33,"Dad locked up son, watched on TV, police say",4,23,0,0,28,0
23,train,2.9,3.0,3.2,"Bush Insists Troops Stay in Iraq, Predicts Midterm Victory",34,52,46,6,39,0
230,train,2.78,3.22,3.22,Navarrette: Minutemen have a right to be idiotic,3,0,0,6,13,5
231,train,2.7,3.1,3.0,"Pit bulls jump miniature pony, leave her bloody",4,33,26,0,37,0
232,train,2.3,3.3,2.7,Alaska town cut off from rest of state by flood,3,0,56,0,43,0
233,test,3.2,3.0,3.1,Trailblazing trio protects City by the Bay,0,0,0,29,0,6
234,train,3.1,3.0,3.2,Madonna files adoption papers in Malawi,0,0,0,44,0,17
235,train,2.7,3.0,3.0,'Dr. McDreamy' choked in 'Grey's' scuffle,0,0,24,0,49,20
236,train,3.78,3.56,3.0,"$10,000 poetry prize awarded",0,0,0,86,0,11
237,train,3.33,3.11,3.11,Las Vegas honour for tiger pair,0,0,0,77,0,36
238,dev,3.1,2.9,3.2,UK characters boosting box office,0,0,0,67,0,39
239,train,3.5,3.5,3.2,Cher items snapped up at auction,0,0,0,18,0,2
24,train,3.1,3.2,3.1,Hurricane Paul Weakens To Tropical Storm,0,0,34,33,0,37
240,train,2.29,2.86,3.0,Griffiths scorns Withnail 'play',12,35,0,4,3,0
241,train,3.33,3.17,3.33,Lily Allen wins web music award,0,0,0,93,0,17
242,train,2.89,2.67,3.11,Costner appeals in casino wrangle,55,0,0,0,15,3
243,train,2.43,3.0,3.0,Beyonce copyright claim rejected,10,0,0,0,0,2
244,train,3.0,2.82,3.0,Cohn gunman jailed for 36 years,13,0,10,27,21,0
245,train,3.56,3.22,3.11,Melua's deep sea gig sets record,0,0,0,54,0,6
246,train,2.0,3.5,2.33,Sri Lanka clashes kill 129 troops,21,0,26,0,75,0
247,train,2.0,3.44,2.78,Gunmen kill 11 in Iraq TV raid,50,33,43,0,76,0
248,train,2.5,2.88,2.75,Italy drops Sicily bridge plans,0,0,0,0,0,45
25,train,3.0,3.12,3.0,UK announces immigration restrictions,42,40,39,0,41,16
250,train,3.0,3.0,3.1,Pamuk wins Nobel Literature prize,0,0,0,89,0,10
251,train,3.1,3.0,3.2,Madonna adoption bid approved,0,0,0,48,0,29
252,train,2.6,3.2,3.0,Man admits UK-US terror bomb plot,33,43,61,0,33,0
253,train,2.22,3.44,3.44,Who are you calling fat?,0,16,0,0,12,0
27,train,2.4,3.1,2.7,Poison Pill to Swallow: Hawks Hurting After Loss to Vikes,0,8,23,0,26,0
28,train,3.0,3.14,3.0,Injured Marathon Winner Leaves Hospital,14,11,7,67,21,0
29,train,2.5,3.4,2.7,Hacker unlocks Apple music download protection,21,14,12,25,0,52
3,dev,3.5,3.4,3.3,Nigeria hostage feared dead is freed,18,0,52,66,20,65
30,train,2.5,3.0,3.17,Spanish journalist seized in Gaza,61,51,65,0,52,21
31,train,2.9,3.1,3.2,Sudan urges UN to replace its special envoy,12,6,0,0,0,16
32,train,3.3,3.2,3.2,Resolution approved for international games,0,0,0,45,0,15
33,test,3.22,3.22,3.11,Pair of Satellites Will Document Sun in 3-D,0,0,0,43,0,32
36,train,3.0,2.8,2.8,Did Viking Probes Miss Life on Mars?,11,0,6,0,10,41
37,test,2.7,3.2,2.9,Diplomat acknowledges US arrogance in Iraq,45,44,0,14,18,26
38,test,2.33,3.0,2.78,More Human Remains Found at Ground Zero,39,22,6,0,68,27
39,dev,2.67,3.0,2.89,How to Prevent Iraq From Getting Even Worse,31,39,67,0,33,0
4,dev,2.11,3.11,3.0,Bombers kill shoppers,66,39,94,0,86,0
40,train,2.5,3.4,2.9,Tensions as Hungary marks uprising,25,0,32,0,32,7
41,train,2.7,3.1,3.2,Stanford study warns of Internet addiction,0,13,23,0,9,3
42,train,3.0,2.78,2.89,No evidence of ice reserves on the moon,0,0,0,0,16,10
43,train,3.0,2.9,3.0,A Picture and A Thousand Words,0,0,0,0,0,0
44,train,2.36,2.91,2.82,Parachutist dies at bridge-jump festival,6,6,33,6,88,0
45,train,2.1,3.1,2.7,US Troops Killed In October In Iraq,46,39,41,0,77,0
46,train,3.0,2.8,3.0,"Chefs not counting calories, study finds",15,0,5,0,21,0
48,train,2.8,3.2,2.7,Perfect lives lose their focus,0,0,5,34,16,6
49,train,2.6,2.9,2.7,Bread-Heavy Diet Linked to Kidney Cancer,1,5,55,0,42,23
5,train,3.22,3.44,3.44,"Vegetables, not fruit, slow brain decline",0,0,25,26,2,46
50,train,3.2,3.0,3.1,Beating poverty in a small way,0,0,8,32,28,0
500,train,3.6,2.9,3.1,Test to predict breast cancer relapse is approved,0,0,15,38,9,11
501,train,2.3,3.1,3.0,"Two Hussein allies are hanged, Iraqi official says",24,26,16,13,38,5
502,train,2.9,3.1,3.0,Sights and sounds from CES,0,0,0,17,0,4
503,train,3.1,3.2,2.9,Schuey sees Ferrari unveil new car,0,0,0,46,0,31
504,train,2.6,2.9,2.9,Closings and cancellations top advice on flu outbreak,1,0,23,8,11,8
505,train,2.38,3.38,2.87,Trucks swallowed in subway collapse,8,0,28,0,57,7
506,train,3.14,3.29,3.0,Sarkozy letter surprises French cartoons hearing,0,0,0,0,0,53
507,train,2.89,2.78,3.0,"Building a memorial to a son, one child at a time",10,0,9,22,36,3
508,train,2.75,2.5,3.0,Lawmaker seeks iPod ban in crosswalks in New York,11,0,0,0,4,38
509,train,2.5,3.1,3.0,Diabetic waits months for eyeglasses,34,11,0,0,40,13
51,train,2.88,3.25,3.37,Israel insists on Lebanon overflights,39,31,4,0,33,0
510,train,2.7,3.0,3.4,Sudan tells United Nations envoy to leave in 72 hours,18,0,0,0,15,59
511,train,3.3,3.0,3.0,5000 years on but couple still hugging,0,0,0,53,0,65
512,train,2.9,3.1,3.0,Defense to challenge Russert's credibility,4,5,0,0,0,19
513,train,3.1,2.7,3.0,"Ozzy, a Hero for the hard-rocking masses",0,0,0,37,0,4
514,train,2.88,3.25,3.0,CIA leak trial summary,9,17,2,0,4,33
515,dev,3.4,3.0,3.1,Dance movie takes over No. 1,0,0,0,56,0,37
516,train,3.0,3.0,3.18,Asian nations urge Myanmar reform,0,0,0,17,0,19
517,train,3.2,3.1,3.2,"After Iraq trip, Clinton proposes war limits",8,0,8,53,13,25
518,train,2.2,3.1,2.9,7 dead in apartment building fire,14,2,47,0,86,10
52,test,2.7,3.2,3.2,Britain to restrict immigrants from new EU members,7,8,7,0,4,0
520,train,2.75,2.38,2.88,Carphone Warehouse's mixed signals,2,2,0,0,0,10
521,train,2.9,2.8,3.0,Democrats plot Bush troop increase censure,19,1,1,19,9,21
523,train,2.9,2.8,2.9,BB star Jackson denies Goody comments,7,8,0,0,0,2
524,train,3.3,3.0,3.2,Inter Milan set Serie A win record,2,0,0,50,0,9
526,train,3.5,3.2,3.3,Press sees hope in Mecca talks,0,0,0,60,3,16
527,train,2.7,3.0,2.8,Bears fan loses bet and changes name,2,13,0,2,17,33
528,dev,2.5,3.17,3.33,Global National Major child porn ring bust,46,64,0,42,31,27
529,train,2.9,2.8,2.8,'Human hair' clue in hunt for airliner,0,0,0,2,0,36
530,train,3.09,2.82,3.0,Johnny Depp to make movie of spy poisoning,0,0,0,40,8,17
531,train,2.6,3.3,3.0,Really?: The claim: the pill can make you put on weight,0,8,0,5,0,49
532,train,3.3,3.0,3.0,5 money makeovers,0,0,0,31,0,8
533,train,3.0,3.09,3.09,TBS to pay $2M fine for ad campaign bomb scare,25,32,45,11,28,43
534,test,3.2,3.1,3.1,"""Stomp the Yard"" has winning moves in its weekend debut",0,0,0,68,0,13
535,train,3.67,3.83,3.0,"Discovered boys bring shock, joy",0,0,3,55,0,56
536,dev,2.7,2.6,3.1,Bernhard set to leave Volkswagen,11,0,0,0,40,22
537,test,2.7,3.1,2.7,Pacers' Jackson misses gun hearing,14,10,24,2,3,21
538,train,3.3,3.1,3.0,Cases: when the simple solution is the right one,0,0,0,15,0,12
539,train,2.55,3.0,3.0,Two Muslim groups sue French newspaper International,40,8,0,7,26,36
54,train,3.5,3.7,3.1,Game on! London exhibition celebrates the history of video games,0,0,0,70,0,6
540,dev,3.3,3.4,3.1,Golden Globes on their way,0,0,0,63,0,0
541,train,2.6,3.2,3.0,"At New OZZFEST, Freedom Ain't Free",11,0,5,6,1,18
542,train,3.0,3.17,3.33,Federer handed tough Aussie draw,0,0,0,4,8,4
543,train,3.1,3.0,2.8,Protesters end strike as Nepal PM concedes demands,24,0,3,48,6,18
544,train,2.4,3.3,2.8,"Turner pays for Boston ""bombing""",17,0,30,2,0,16
545,dev,2.6,3.2,3.0,Two detained in body parts mailing,4,61,30,8,14,5
546,train,3.0,2.57,3.14,Essay: about that mean streak of yours: psychiatry can do only so much,8,0,6,10,20,17
547,dev,2.5,3.2,2.7,Hussein's niece pleads for father's life,18,19,17,0,53,12
548,train,3.0,2.78,3.0,Sarkozy heads for clash in cartoons row,30,13,8,0,2,9
549,train,2.3,2.8,3.0,Global web of suspects in child-rape download,55,54,0,0,36,13
55,dev,3.36,3.0,3.18,Making peace from victory over poverty,0,0,10,63,16,0
550,train,3.2,3.1,3.1,Blake defeats Moya to retain title,4,0,0,33,1,2
551,dev,2.4,2.8,3.2,"Storms kill, knock out power, cancel flights",3,9,82,0,60,0
552,test,2.2,2.8,2.7,Aquarium puts ailing beluga whale to sleep,1,0,0,7,67,12
553,train,2.3,3.0,3.2,"Microsoft, Sony, we have a problem",0,0,6,0,21,26
554,train,2.64,3.18,3.0,A police state? The issues,15,5,46,0,8,0
555,train,2.8,3.1,3.1,Move to ban iPods from crossing the street,17,0,0,13,11,20
556,dev,3.4,3.2,3.2,India's Taj Mahal gets facelift,0,0,0,65,0,23
557,train,3.0,2.8,3.1,Cheney to Congress: Can't run Iraq war by committee,47,4,26,0,21,6
559,test,3.2,2.7,3.0,Fortune: Looking beyond the iPhone,0,0,0,36,0,24
56,train,2.1,3.0,2.8,Marine killed in fighting west of Baghdad,24,0,44,0,50,0
560,train,2.9,3.3,3.0,Really?: The claim: the back seat of a car is the safest place to sit,0,0,6,23,0,44
561,train,2.7,2.8,3.0,Vaccine mandate upsets legislators,17,8,11,13,7,5
562,test,3.0,2.83,3.0,News analysis: Iranian boast is put to test,17,7,28,2,1,2
564,train,3.3,3.3,3.2,Virtual 'American Idol' hits right notes,0,0,0,44,0,25
565,train,2.3,3.4,2.9,"Iraq car bombings kill 22 People, wound more than 60",32,27,84,0,95,20
566,train,3.4,3.3,3.1,'Stomp' steps to No. 1 at box office,0,0,0,60,0,19
567,train,3.4,3.2,3.2,Google executive acts as goodwill envoy,0,0,0,50,0,29
568,train,2.0,3.33,2.67,Filipino woman kidnapped in Nigeria,32,15,77,0,50,9
569,train,3.12,2.88,3.38,"Seahawks, Bears vie for shot at NFL title",0,0,8,32,0,5
57,train,3.1,3.2,3.2,Scientists create first cloaking device,0,0,0,17,0,17
570,train,2.89,3.0,3.11,Brown not buried as estate issues loom,6,17,0,0,41,23
571,train,3.12,3.12,3.0,Will Rob Cohen Direct Third 'Mummy'?,0,0,0,32,0,35
572,train,3.4,3.0,3.1,EU will urge China to go green,8,0,5,34,3,12
573,train,3.2,2.9,3.1,17th-Century Remedy; 21st-Century Potency,0,0,0,0,0,14
574,train,3.09,3.09,3.27,Forecasters expect toasty 2007,13,0,33,20,23,16
575,train,3.2,3.0,2.9,'Sunshine' Goydos wins Sony open,0,0,0,75,0,10
576,train,2.0,3.2,2.7,Teacher charged with sex assault,52,87,18,0,23,25
577,train,3.1,3.0,3.1,Merck: Gardasil may fight more strains,9,0,19,21,14,16
578,train,2.5,3.25,2.62,"Mountain glaciers melting faster, United Nations says",15,10,49,0,41,12
58,test,3.22,3.44,3.11,Amateur rocket scientists reach for space,0,0,0,12,0,9
580,train,3.4,3.0,3.1,Bananaconda inventor is top poet of kids,0,0,0,63,0,24
582,train,2.7,3.2,2.9,Israelis retaliate after attack by Lebanese Army,48,13,53,0,40,0
583,train,2.4,3.1,3.0,Deadly bird flu confirmed in British Turkeys,2,1,70,0,36,24
584,train,2.8,2.9,2.9,Too little sleep may mean too fat kids,0,12,7,0,21,57
585,dev,1.8,3.5,2.4,Bathing mom awakes to find baby dead,2,0,32,0,93,46
586,train,3.1,2.7,2.8,Visitors to Eiffel Tower climb to record in 2006,0,0,0,43,0,40
587,train,3.6,3.2,3.2,"More sleep, healthier slimmer children",0,0,0,47,0,56
588,train,3.0,3.2,2.9,Queen battles Bond for Baftas,2,0,11,30,2,16
589,train,2.25,3.25,3.25,"Walters on Trump: 'Poor, pathetic man'",23,25,0,0,28,12
590,train,3.0,3.0,2.8,"Ice storm smacks roads, power",7,10,75,0,29,2
591,train,2.5,3.25,3.0,Iran says it will strike US interests if Attacked,52,13,67,0,22,22
592,train,3.1,3.1,3.1,Palestinian factions to resume talks,0,0,0,41,2,26
593,train,3.28,3.29,3.29,Study: men's sweat triggers high sexual arousal in women,0,2,0,8,0,73
595,test,2.5,3.17,2.83,Russia plans major military build-up,27,15,75,17,22,22
596,train,2.6,3.1,2.9,Archaeologists find remains of couple locked in a hug,0,0,0,43,16,79
597,train,3.12,3.12,3.12,Stenson defends his title at Dubai,0,0,0,45,0,8
598,test,3.0,2.78,2.89,Taking the plunge,0,0,9,0,3,2
6,train,3.3,2.8,3.1,PM: Havana deal a good experiment,0,0,0,34,0,28
600,train,2.88,2.88,3.38,Man rides stationary bike for 85 hours,0,0,0,18,0,87
601,train,2.5,3.0,2.9,Ice storm coating Midwest,14,2,51,0,25,23
602,train,2.89,2.89,2.89,A Mistrial for Lieut. Watada,15,15,0,0,0,15
604,train,3.0,2.7,3.1,ASEAN talks end on energy-security,0,0,0,11,4,0
605,train,2.6,3.1,3.0,"Iraqi death toll exceeded 34,000 in 2006, United Nations says",27,17,33,0,96,22
606,test,2.8,3.1,3.3,Israel intensifies military flights over Lebanon,29,15,60,0,40,8
607,test,3.4,3.3,3.3,New gadgets galore at tech show,0,0,0,43,0,27
608,train,1.9,3.0,2.5,Another death at Georgia Aquarium,0,0,17,0,79,6
609,train,2.88,3.25,3.0,US to urge Nato Afghan spring offensive,42,14,54,0,33,0
61,test,2.56,3.22,3.0,Israel admits using phosphorous shells in Lebanon,54,47,6,0,59,16
610,train,2.7,3.2,2.8,UK letter bombs may be from extremist drivers,44,8,78,0,38,8
612,train,3.0,3.0,3.1,Federer overcomes a ragged start,0,0,0,47,2,5
613,train,2.8,3.4,3.2,Rowdy fans ejected from the Open,21,17,4,5,17,4
614,train,3.5,3.3,3.3,Terai protesters hail 'historic' victory over government,28,0,3,36,0,26
615,train,2.0,3.5,3.1,Anger at release of two held over beheading plot,70,25,18,0,22,10
616,train,3.0,3.1,3.2,Bush adamant on troops to Iraq,58,16,20,0,35,0
617,train,3.0,2.9,2.8,Bebe Neuwirth gets to 'wiggle again',5,0,0,43,0,24
618,train,2.9,3.1,2.9,Beckham to L.A.: For the game not fame,0,0,0,20,0,16
619,train,3.0,3.09,3.18,Sleep more to fight childhood obesity,0,2,12,8,0,26
62,train,2.25,3.37,2.62,4th person dies after receiving flu shot,39,0,56,0,57,0
620,train,2.2,2.9,3.0,Abbas rejects temporary state,26,9,11,2,31,18
621,test,2.5,3.2,2.9,Investigation of child porn site hits 77 nations,54,73,8,4,39,17
622,train,2.71,3.0,2.57,Sleuths close in on Odysseus home,0,0,3,23,2,26
623,dev,3.0,2.7,3.2,Variety: Johnny Depp to make movie of spy poisoning,0,2,8,13,4,19
624,test,2.25,3.62,2.5,Ice storm cripples central U.S.,23,4,46,0,44,14
625,train,3.0,2.75,3.0,Park stars as United maintain lead,0,0,0,43,0,9
627,train,3.2,3.1,3.1,India's famous landmark gets facelift,0,0,0,50,0,26
628,train,3.0,2.5,2.88,Joseph Wambaugh's new start,0,0,0,33,0,1
629,train,1.8,3.1,2.4,Participant in water-drinking contest dies,1,0,3,0,94,30
63,train,2.8,3.1,3.1,Police and shoppers targeted in growing Iraq violence,45,38,75,0,53,0
630,train,2.9,3.1,3.3,Apple drops bombshell with iPhone,0,0,7,37,11,38
632,train,3.1,3.1,3.1,"Shiite fighters arrested in crackdown, Iraq says",34,16,44,27,30,17
633,train,3.0,3.2,3.2,"Rio De Janeiro journal: drawing lines across the sand, between classes",16,14,2,2,26,4
634,test,3.0,2.9,2.9,Models' health guidelines -- will they help?,0,0,7,11,6,24
635,test,3.1,3.1,3.1,Stepping back in time at ski resort,0,0,0,33,1,17
636,train,2.5,3.2,2.9,Test cricketer jailed over killing,32,14,22,8,37,8
637,dev,3.4,2.9,3.0,Walnuts 'combat unhealthy fats',0,4,1,37,11,35
638,train,2.9,3.3,2.9,Apple to Vista upgraders: 'Wait',0,0,0,1,13,22
639,train,2.4,2.9,2.9,Injured Sarwan to miss one-dayers,7,4,2,0,50,8
64,train,3.38,3.38,3.25,Scientists discover miracle in the depths,0,0,3,21,0,47
640,train,2.2,3.8,3.3,Firms on alert for letter bombs,17,9,71,0,16,16
641,train,3.1,3.3,3.3,Studios sign off on movie downloads,3,0,5,6,11,16
642,train,3.27,3.0,3.09,Asif returns with four-wicket haul,0,0,0,43,0,12
643,dev,3.0,2.9,3.1,"Bush authorized Iranians' arrest in Iraq, Rice says",47,33,19,0,38,17
644,test,2.3,3.1,2.6,Porn ring scandal reaches Australia,46,60,6,0,43,20
645,train,2.7,3.1,3.0,Deputy health minister arrested in US-Iraqi raid,16,8,17,0,58,19
646,train,2.3,3.0,2.9,Senator Carl Krueger thinks iPods can kill you,6,0,33,0,25,51
647,train,3.4,3.0,3.0,"Finally, Senate okays anti-terror bill Manila",3,0,17,42,12,4
648,train,2.13,3.62,3.12,Somalia declares state of emergency,10,0,80,0,29,31
649,train,3.3,3.2,3.0,Matt shines with his Alpine finish,0,0,0,72,0,3
65,train,3.0,2.9,3.0,Doctors Seeing Patients Who Think They're Internet Addicted,0,0,0,9,16,12
650,train,2.8,3.0,3.2,BP CEO Browne to step down in June,6,3,0,13,37,7
651,train,3.1,3.3,3.3,An iPhone by any other name? Surely not,0,3,0,13,0,33
652,train,2.2,2.8,2.8,Life in Gaza steadily worsens,17,13,53,0,70,0
653,train,3.1,3.1,3.0,The energy challenge | Exotic visions: how to cool a planet (maybe),5,3,26,18,17,36
654,train,3.4,3.2,3.3,"Easy ways to (really) save $400,000",0,0,0,45,0,31
656,train,3.0,2.9,3.0,Findings: Can humanity survive? Want to bet on it?,1,0,42,1,10,27
657,train,2.7,3.2,2.9,Iran steps up production of weapons-grade uranium,28,10,79,0,27,23
658,train,3.0,3.0,2.8,Rig-threat cargo ship towed ashore,0,0,37,10,19,11
659,train,2.5,2.7,3.0,Palestinians say clashes hurt their cause,32,2,26,0,46,8
66,test,3.2,3.2,3.1,China launches two satellites into orbit,0,0,0,30,0,6
660,train,3.1,3.2,3.1,Male sweat can raise hormones,0,7,0,8,0,62
661,train,2.2,3.3,2.8,Vital Signs: Hazards: Antidepressant linked to fractures in older people,5,0,26,0,34,55
662,train,2.6,3.1,3.1,Peron held over '70s rights abuses,31,25,8,13,45,8
663,train,3.0,2.8,2.9,Space life search turns to TV,0,0,0,18,0,33
664,train,2.7,3.3,3.3,"Super Bowl ads of cartoonish violence, perhaps reflecting toll of war",16,15,25,15,45,27
665,train,3.0,3.0,3.0,YouTube told to drop celeb sex video,7,23,9,14,15,24
666,dev,3.0,2.6,2.9,Beckham and Posh and more athlete-celebrity couples,0,0,0,38,0,0
667,train,3.4,2.8,3.0,City sets up ice storm shelters,4,0,55,24,17,3
669,test,2.5,2.8,3.1,Review: 'Alpha Dog' misses the point,0,3,0,0,17,4
670,train,2.62,3.37,3.25,Republicans plan to block Iraq debate,60,17,0,0,37,7
671,train,3.0,2.75,3.0,Mixed reaction to China's Africa push,10,2,6,0,2,24
672,dev,3.0,2.7,2.8,Snowed in the Canadian Rockies,0,0,8,21,11,6
673,train,3.0,3.14,3.0,"Skip the showers: male sweat turns women on, study says",0,12,0,12,0,69
674,train,3.1,3.1,3.0,Gently Weeps' lyrics sheet up for sale,0,0,1,44,8,15
675,train,3.4,2.8,2.8,Canete wins inaugural Joburg Open,0,0,0,70,0,7
676,train,3.2,3.6,3.4,Rights group halts violent Nepal strikes,25,5,36,46,22,11
677,train,2.7,2.9,2.9,Real suffer Carlos injury setback,4,0,7,0,47,13
678,train,2.5,3.2,2.6,Astronaut may have buckled under stress,0,0,21,0,43,21
679,train,2.22,3.22,2.56,Gunmen abduct Filipino woman in Nigeria,32,15,58,0,51,16
68,train,2.57,3.29,2.71,Hurricane Paul nears Category 3 status,0,0,68,0,23,6
680,train,3.2,3.2,3.1,NFL team's fan of the year: 'Flag Lady',0,0,0,50,0,21
681,train,3.0,2.9,2.9,No 10 rejects police state claim,11,0,3,0,11,22
682,train,3.12,2.75,3.12,Malaysian AirAsia X to fly in July,0,0,0,39,0,14
683,test,2.2,3.1,2.7,10 kidnapped at Nigeria oil base,19,7,69,0,46,8
684,train,3.1,3.2,3.0,Guy sweat is babe magnet,0,6,0,29,0,69
685,train,3.37,3.37,3.25,Township tourism booming in South Africa,0,0,0,82,0,32
686,train,2.71,2.86,3.0,'Alpha Dog' misses the point,0,3,0,0,17,18
688,test,3.1,2.8,3.1,"'Grey's,' 'Pirates' lead People's Choice",0,0,0,38,0,6
69,train,2.5,3.3,3.3,"Russian ship sinks, 18-member crew missing",5,0,60,0,71,0
690,train,2.18,3.46,2.82,Now it's official: Iraq's a mess,27,39,23,2,62,19
692,train,1.88,2.88,2.5,James Brown's 5-year-old son left out of will,7,1,16,0,33,46
693,train,2.1,3.1,2.9,Two men killed by London tube train,6,5,41,0,79,20
694,train,2.8,3.0,3.0,US millions fail to buy influence in deadly Gaza power play,18,18,23,6,43,13
695,train,3.0,2.88,3.0,PLO ministers agreed upon in Mecca,0,0,8,37,0,12
696,train,2.43,3.0,3.0,Squadron apologies over 'friendly-fire' death,13,35,26,0,49,13
699,test,3.0,2.86,2.86,SPACE.com: Black hole triplets spotted,0,0,5,4,0,62
7,test,3.44,3.22,3.22,Kate is marrying Doherty,0,0,0,71,0,41
70,train,2.9,3.2,3.1,Iran's president urges higher birth rate,0,1,0,2,0,13
700,dev,3.1,3.0,3.1,Vaccines: Mandate or choice?,0,0,5,1,1,6
701,train,2.4,3.0,2.6,"Congolese soldiers riot, loot over pay issue",55,17,46,0,43,0
702,train,3.0,2.71,2.86,Commodities lead Europe higher,0,0,0,64,0,16
703,train,2.9,3.0,3.0,Ingredient in male sweat raises women's hormone levels,0,12,0,17,0,54
704,dev,3.2,2.9,3.3,Goetschl ends Austrian win drought,0,0,0,56,0,6
705,test,2.6,3.1,2.7,Doomsday Clock ticking away,0,0,43,19,16,0
706,train,2.8,3.3,3.2,Troops massing around Somali town,22,0,88,0,27,0
707,train,2.5,3.0,3.12,Tariq Ramadan has an identity issue,0,0,2,0,2,32
708,train,2.78,3.11,3.11,Peretz orders IDF to respond with force to north border attacks,52,7,50,0,27,9
709,train,2.1,3.2,2.1,Trains crash near Thai resort town,2,0,62,0,90,10
71,train,3.5,3.4,3.1,Apple set for massive market gains,0,0,0,26,0,6
710,train,3.0,2.9,3.0,"Hamas, Fatah return to unity gov't talks in Mecca",2,0,4,37,6,25
711,dev,3.2,3.0,3.2,Pats' fourth-quarter rally finishes Chargers,0,0,0,35,5,6
712,train,2.0,3.2,2.7,7 Die As US Helicopter Crashes in Iraq,12,4,41,0,94,4
713,train,1.9,3.4,2.6,Millionaire secret Santa dies,0,0,0,2,75,14
714,train,3.14,3.43,3.0,Morrissey may cheer up Eurovision,0,0,2,61,0,10
715,train,3.0,2.83,3.0,Christian values guide Dungy and the Colts,0,0,0,27,0,13
716,train,2.4,3.8,3.1,Israeli woman's tirade spurs PM outrage,71,29,13,0,13,2
717,train,3.0,2.9,3.0,Passing exchange becomes political flashpoint,4,0,4,0,3,0
718,train,2.7,3.2,3.0,Police probe 2 church fires half mile apart,0,2,48,0,50,6
719,train,2.2,3.2,3.2,Italy to try US soldier for agent's Iraq death,64,7,2,8,38,10
72,train,2.7,3.1,3.0,Tumor Types May Explain Survival Rates for Cancer,0,0,9,14,24,6
720,train,3.0,3.0,3.12,Depp to star in spy poisoning film,0,0,10,35,10,19
721,dev,3.0,2.88,2.88,'24's' Jack Bauer returns,0,0,0,40,0,3
723,train,2.75,2.5,3.37,"Even before its release, world climate report is criticized as too optimistic",28,17,33,0,22,15
724,train,2.63,3.25,2.62,"Second hanging also went awry, Iraq tape shows",19,38,27,0,54,5
725,train,3.14,3.28,3.14,Howell takes one shot lead in Sony Open,0,0,0,47,0,8
726,train,2.9,3.0,2.9,Psych checks reviewed after astronaut's crack-up,2,0,17,2,44,31
727,train,2.3,2.6,2.5,"Pap Test, a mainstay against cervical cancer, may be fading",3,0,35,12,36,45
728,train,3.1,3.1,3.3,Martins leads Newcastle fightback,4,0,0,29,1,6
729,train,3.33,2.89,3.33,PS3 pricey but impressive,0,1,0,44,0,12
73,train,2.6,3.0,2.9,Routine mission turns into hunt for missing comrade,3,0,16,0,26,20
730,train,3.0,3.1,2.8,Pluto's revenge: 'Word of the Year' award,4,1,3,49,3,4
731,train,3.0,2.8,3.1,European Space Agency,0,0,0,2,0,0
732,train,2.0,3.3,3.1,Hackers strike at key Internet servers,38,23,36,0,18,22
733,train,3.1,3.3,3.2,Hussein co-defendants executed,13,19,23,5,62,2
735,train,3.64,2.91,3.09,Blissing out in Ojai,0,0,0,63,0,0
736,train,2.38,3.25,2.88,"Houston, she's got some problems",0,0,8,0,33,15
737,train,3.7,3.2,3.1,Amazon.com has 'best ever' sales,0,0,0,82,0,18
738,train,2.2,3.4,2.7,Hackers attack root servers,53,26,36,0,16,19
739,train,3.1,2.9,3.0,Video games can improve your vision,0,0,1,42,0,51
740,train,2.5,3.0,2.88,Internet attacked! (Did anyone notice?),11,17,35,0,7,54
741,train,3.3,3.0,2.9,"In Washington, contractors take on biggest role ever",0,1,0,25,0,29
742,train,2.22,3.56,2.89,Floods force Malaysia evacuations,5,1,77,0,79,3
743,train,3.0,2.62,3.12,"On MySpace, girls seek friends, boys flirt",0,20,4,12,1,25
744,train,2.25,3.38,2.88,Tests of drug to block H.I.V. infection are halted over safety,11,2,48,7,39,31
745,train,2.9,2.9,2.9,Zoo polar bear to have root canal,0,0,17,10,26,26
746,train,3.45,2.89,3.11,Europe take big Royal Trophy lead,0,0,0,55,0,12
747,train,3.0,2.8,3.0,Israel to install cameras to show live Mughrabi footage,1,4,8,23,12,17
748,train,2.91,3.18,3.18,'We lit our last candle yesterday',2,0,10,0,32,0
749,train,3.2,3.1,3.3,Google buys YouTube for $1.65bn,0,0,0,13,0,43
75,dev,3.2,3.2,3.1,Tailors and housewives busy as Muslims celebrate Eid,8,0,0,54,21,0
750,train,3.0,2.9,3.1,PSP number one Sony platform in Japan,0,0,0,32,0,15
751,train,3.0,2.6,2.8,England include Giles in WC squad,0,0,0,21,0,1
752,train,2.7,2.9,2.9,Beckham 'won't play again for Real',0,7,0,0,29,18
753,test,2.9,3.1,3.2,Eight years for Damilola killers,38,23,29,35,43,3
754,train,2.62,3.12,3.12,PC World editor slain at California home,14,10,51,0,77,4
755,train,2.67,3.17,3.5,Hands on 'Doomsday Clock' move forward,12,7,36,17,20,10
756,train,2.71,3.0,2.71,Zach Braff says he has 'mild depression',0,0,3,0,32,8
757,train,2.5,2.8,2.9,Investigation of child porn site hits 77 nations USA Today,46,58,28,0,47,32
758,dev,2.6,3.3,2.8,Science panel calls global warming unequivocal,18,0,48,17,45,6
759,train,4.33,4.22,3.67,News Baby pandas! Baby pandas! Baby pandas!,0,0,3,70,2,29
76,train,3.78,3.22,3.56,Active peace brings the promise of development,0,0,0,87,0,0
760,train,3.2,3.3,3.4,Get ready for the earnings,0,0,0,59,0,0
761,train,2.7,3.0,2.5,Germany agonizes over a brain drain,9,0,17,0,51,2
762,train,3.1,2.8,3.1,Iran and Nicaraguan leaders meet,3,2,17,22,10,12
763,train,2.86,3.0,2.86,Secret hotels in Irish countryside,0,0,2,3,0,43
764,train,3.71,3.29,3.29,Fine wines in British Columbia,0,0,0,19,0,3
765,train,3.37,3.25,3.25,Philippine president welcomes Senate approval of anti-terror bill,2,0,10,54,4,3
766,dev,2.0,3.3,2.8,"Small jet crashes on takeoff, killing 2",1,0,52,0,94,3
768,train,3.8,2.6,3.2,Travel+Leisure: Next island hot spot: St. Lucia,0,0,0,57,0,0
769,dev,3.11,3.22,3.22,Real Mallorca rock leaders Sevilla,0,0,0,32,0,0
77,dev,2.8,3.1,3.1,Abbas condemns Israeli massacre in northern Gaza Strip,70,74,70,0,51,0
770,train,2.7,3.0,2.9,Iran's boast on uranium enrichment is put to test,8,5,62,0,3,18
771,train,2.7,2.9,3.0,"Personal health: for teenagers, the car is the danger zone",0,2,47,0,21,27
772,train,3.25,3.12,3.12,Bird watchers flock to see rare owl,0,0,0,49,0,37
773,train,2.7,3.1,2.9,Eye on cosmos is lost to short circuit on hubble,2,0,4,1,59,8
774,train,1.86,2.86,2.29,Too young for this: facing cancer under 40,19,0,39,0,80,22
775,train,3.0,3.0,3.17,Unilever group names new chairman,0,0,2,29,0,6
776,train,2.44,3.22,2.89,Minister slams airlines on carbon,31,5,6,0,7,0
777,train,3.37,2.88,3.12,Rare optimism as North Korea talks reach crossroads,2,3,5,52,29,4
778,test,2.1,3.5,3.0,Man beheaded in southern Thailand,4,23,47,0,88,9
779,train,2.6,3.1,2.9,China's 'nightmare scenario',0,0,65,0,0,16
78,test,1.57,3.0,2.57,"Bangladesh ferry sinks, 15 dead",24,0,16,0,85,0
780,train,3.11,3.11,3.22,Annual diving contest in South Korea proves a chilly challenge,0,0,10,2,0,17
781,train,2.4,3.3,2.9,Blair says he regrets delays in British soldier's inquest,3,5,1,10,47,0
782,test,3.29,2.86,3.14,Iraqi forces detain official suspected in Shia conspiracy,38,3,39,31,2,7
783,train,3.3,3.0,3.2,Wellcome awards anti-fat research,2,2,2,49,0,13
784,train,3.2,3.3,3.0,Fingers crossed for North Korea,1,1,8,13,6,5
785,train,3.12,2.75,3.37,"No intention of war with Iran, US says",4,3,9,30,1,7
786,train,2.67,3.22,2.67,What Newsom faces in aftermath of scandal,10,13,20,0,10,2
787,train,3.1,2.8,3.1,Maggie Gyllenhaal's Globes babysitter: Mom,0,0,0,33,0,4
788,train,2.3,3.2,2.7,"As inflation soars, Zimbabwe economy plunges",8,7,12,0,58,0
789,train,1.71,3.14,2.57,Pledge: I was abused in frat hazing,22,48,27,0,34,0
79,train,3.2,3.2,3.2,Bucs find a new kick in life,0,0,0,20,0,17
790,train,2.3,3.4,2.5,Experts: Fear likely shackled boy,0,0,57,0,26,13
791,train,2.83,2.83,3.0,What's behind the chopper crashes in Iraq,9,0,51,0,38,8
792,train,2.6,3.1,3.0,"Freed Muslim terror suspect says Britain is ""police state""",17,21,61,0,12,0
793,train,2.8,2.8,2.9,Blair apologises over friendly fire inquest,6,1,12,12,43,4
794,train,3.14,3.0,3.0,Depp 'to make Litvinenko movie',0,1,3,36,1,6
795,train,2.75,3.0,2.75,Why gas follows oil up but not down,7,7,5,0,6,32
796,test,3.0,3.0,3.0,"'Cravings' still there, sez Tara",0,0,0,17,8,5
797,train,2.78,3.22,3.0,Bill would strip convicted legislators of pensions,26,4,4,2,27,6
798,train,2.5,3.12,2.63,Bears watch as lead slips away,0,4,0,0,36,0
799,train,3.0,3.11,3.0,"In clue to addiction, brain injury halts smoking",0,0,11,4,15,47
8,train,3.2,3.3,3.0,NASA revisiting life on Mars question,0,0,0,23,0,32
80,dev,3.0,2.8,3.0,Google to unveil election mashup,0,0,0,10,0,16
800,train,3.2,2.8,3.1,"In rigorous test, talk therapy works for panic disorder",0,0,26,55,4,34
801,train,3.14,2.29,3.29,Rice: U.S. won't pull plug on Iraq,8,3,0,16,7,4
802,train,2.9,3.1,2.9,"On road to Kosovo independence, a warning: go slow",9,0,32,2,9,1
803,train,2.9,3.0,3.1,Mistrial for officer who refused to go to Iraq,21,4,13,9,27,6
804,train,2.8,2.9,2.7,Rebels to join Nepal parliament,24,0,15,20,0,38
805,train,2.71,3.14,3.0,"EMI warns on profits, boss goes",5,2,20,0,17,6
806,train,2.7,3.2,2.9,Subway collapse caught on camera,0,0,48,0,54,23
807,dev,3.13,3.5,3.0,Stinky but true: men's sweat is made for love,0,18,2,22,0,57
808,train,3.2,3.2,2.9,"POLITICS-US: reprieve for officer who denounced ""Immoral War""",12,14,13,31,28,13
809,train,2.89,3.11,3.11,Hunters stalk world's tallest trees,14,0,10,14,30,10
81,train,2.0,3.33,3.0,Police warn of child exploitation online,52,64,50,0,43,0
810,train,2.7,3.0,2.9,Fuel spill may lead to missing jet,4,0,47,7,34,12
811,train,2.22,3.33,3.11,"Sri Lanka floods displace 60,000",14,0,39,0,80,3
812,train,2.67,2.89,3.0,"Justin Timberlake, Cameron Diaz announce split",0,0,12,0,76,9
813,test,2.4,3.4,2.9,Iran to hit US interests if attacked,42,3,54,0,22,7
814,train,3.0,2.9,3.0,Israel says hopes to keep Lebanon border calm,10,4,20,39,4,15
816,train,2.1,3.1,2.9,Two Palestinians killed near fence,20,7,38,0,87,3
818,train,2.11,3.0,3.11,"A star dies, a family feud is born",12,20,15,18,62,4
819,train,2.25,3.25,3.37,"Carter was a disaster, said Ford",40,25,0,0,36,19
82,train,3.0,3.4,3.2,Breast Cancer Awareness is Important,0,0,31,0,12,0
820,dev,3.18,2.91,3.09,Super Bowl MVP Manning insists he's one of the guys,0,0,0,9,0,6
821,train,2.73,2.73,3.18,Personal health: the importance of knowing what the doctor is talking about,0,0,14,0,9,6
822,train,3.0,3.1,3.0,Israel's Peretz urges halt to contentious Jerusalem construction,34,7,19,0,24,16
823,train,2.33,3.0,3.22,Peter Jackson will never work for me again,38,22,0,0,31,9
824,dev,3.2,3.0,3.2,U.S. keeps Iran options open,11,8,19,28,4,9
825,train,3.3,3.1,3.1,European shares hit fresh highs,0,0,5,59,0,15
827,train,3.0,2.86,3.0,Looking beyond the iPhone,0,0,4,11,0,14
828,train,2.56,3.22,2.89,Freed kidnap suspect: my terror at police raid,28,0,78,8,17,15
829,train,3.1,3.1,2.9,"Far away, Super Bowl's losers will be champs",0,0,0,56,15,3
83,train,2.3,3.6,3.5,Hungary police tackle violent protestors,18,0,16,3,27,0
830,train,2.14,2.71,2.72,Woman dies after water binge,9,3,21,0,92,36
831,train,3.46,3.27,3.18,Mancuso sparks U.S. celebrations,0,0,0,72,0,17
832,test,3.0,3.0,3.3,ASEAN urges North Korea resolution,5,0,17,13,0,9
833,test,2.8,3.1,3.1,Late penalty costs Roma the points,2,0,7,0,27,12
834,dev,2.4,3.2,3.0,Mistrial declared in teacher-student rape case,34,46,15,0,47,33
835,dev,3.2,3.2,3.0,'Bookworm Adventures' wordsmith's joy,0,0,0,76,0,5
837,train,3.43,3.29,3.14,iPod good for video games,0,0,0,37,0,18
838,test,3.5,3.4,3.3,Review: virtual 'American Idol' hits right notes,0,0,0,38,0,17
839,train,2.38,3.0,2.75,Leo battles himself,0,0,6,27,4,19
84,train,3.5,3.3,3.1,Three drivers had reason to be proud in Brazil,0,0,0,44,0,0
840,train,2.57,3.14,3.29,Attorneys point fingers in fight between Ryan O'Neal and son,46,15,24,0,27,4
841,test,3.0,2.89,3.11,John Grisham set for court drama,14,5,21,0,18,20
842,dev,2.9,2.8,3.1,"Bill Gates and Craig Mundie: vista is Secure, employees are not",8,0,9,0,9,22
843,train,2.75,3.12,3.0,Iraqis fault delayed U.S. plan in attack,34,19,29,2,17,24
844,test,2.2,3.5,3.2,Boy Scouts blamed for starting wildfire,30,7,40,0,17,18
845,train,2.8,3.1,3.3,China urges UN action on N Korea,26,3,31,0,0,12
846,train,2.12,3.12,3.12,"Scorpion on a plane, a pantful of pain",6,2,49,0,13,14
848,train,3.22,3.0,3.22,Mbeki on the big visit from the Chinese,0,0,3,18,0,19
849,dev,3.0,2.9,3.1,French right nominates Sarkozy,0,0,13,25,5,7
85,train,2.55,3.09,3.18,Celebrities Protest Malibu Gas Facility,25,0,0,27,27,0
850,train,2.4,3.0,3.2,"Israeli, Lebanese clash on border",38,10,49,0,26,4
851,train,2.4,3.3,2.8,North Korea claims nuclear test,29,3,63,0,19,24
852,train,3.3,3.2,2.8,Talks begin on Somalia peacekeepers,7,1,12,57,12,14
853,test,3.18,2.73,3.09,Action games improve eyesight,0,0,0,33,0,47
854,dev,3.0,2.89,3.11,"A small part of the brain, and its profound effects",0,0,12,1,6,24
855,train,2.62,3.13,3.12,IDF shells Lebanese Army positions across northern border,17,11,53,0,23,4
856,train,2.71,3.0,2.86,Thailand: missing 25 years after taking wrong bus,5,0,11,0,48,40
857,dev,2.8,3.2,3.1,Ballerina sparks anti-fascist row,34,17,31,17,16,24
858,train,3.22,3.44,3.44,Internet boom in China is built on virtual fun,0,0,4,63,0,32
859,test,3.2,3.1,3.0,Review: PS3 pricey but impressive,0,0,0,41,5,9
86,train,3.0,2.78,3.33,Lebo: A life lived on the edge,0,0,0,0,0,0
860,train,3.2,3.3,2.9,Machinery orders drive Asia upward,0,0,0,52,0,15
861,train,2.0,3.44,3.0,'Lost's' Fox: 'I'm a liar and a cheat',20,47,14,0,18,22
862,train,2.56,3.33,3.0,Russia to strengthen its military muscle,8,0,60,8,14,14
863,train,3.09,2.91,3.09,"At Libby trial, Russert of NBC gives and gets",0,0,12,0,7,7
864,train,3.0,3.1,3.1,North Korea ready to discuss first steps to nuclear resolution,3,1,38,47,2,14
866,test,3.67,3.33,3.56,Ferrer victorious in Spanish duel,2,0,15,70,1,13
867,train,2.3,3.3,2.8,UK workers on alert for letter bombs,6,4,92,0,18,17
868,dev,2.6,3.3,3.1,Did NASA accidentally kill life on Mars?,22,17,14,0,38,62
869,train,3.36,3.18,3.18,"New vaccine for cervical cancer could prove useful in men, too",0,0,21,49,17,31
87,train,3.4,3.5,3.3,"Presto! He's Batman, then magic man",0,0,0,30,0,34
870,test,2.2,2.8,3.2,Search on for victims of subway collapse,3,0,31,3,88,1
871,train,1.88,2.75,2.88,Human error caused Helios crash,15,4,28,0,74,0
872,train,2.9,3.4,3.2,US to prod NATO allies for more troops to defeat Taliban,20,15,47,0,21,0
873,train,3.0,2.8,3.0,Microsoft supports OpenID authentication standard,0,0,0,22,0,6
874,train,2.75,3.0,3.0,No buyer in sight for Napster,0,0,7,0,25,2
876,train,3.11,2.89,3.11,China says rich countries should take lead on global warming,12,14,10,10,20,3
877,train,3.1,2.9,2.9,North Korea may begin to dismantle nukes,2,0,29,52,2,17
878,train,2.88,2.88,3.25,Tracking down hi-tech crime,2,12,26,38,13,7
879,test,3.11,3.0,3.22,Barack Obama formally announces bid for president,0,2,0,21,10,4
88,dev,2.7,3.2,3.3,"Heavy use of mobile phones can make men infertile, scientists say",0,0,44,0,17,35
880,dev,2.3,3.1,2.9,Kidnappers seize two in Nigeria,28,17,68,0,38,4
881,train,2.38,2.75,2.75,"Indonesia may sell, not give, bird flu virus to scientists",17,20,35,0,29,23
882,dev,1.88,3.37,2.38,"Attack video saddens ""friendly fire"" widow",13,11,16,0,80,0
883,train,3.5,3.4,3.3,Europe retain trophy with big win,0,0,0,75,0,11
884,train,3.0,2.64,2.82,Cutting edge accessories for digital music players,0,0,0,37,0,17
885,test,2.3,3.1,2.7,Ice storm descends on central U.S.,3,0,58,10,13,7
887,train,2.4,3.1,3.0,"Indonesia flood forces 340,000 from homes",2,0,37,0,89,16
888,train,2.8,3.2,2.9,Iraqi health minister seized in raid,24,9,30,15,37,38
889,train,2.2,2.9,3.1,Ice storm brings chaos in U.S.,6,2,57,0,35,14
89,test,2.4,3.3,2.7,Russian ship sinks in Pacific,9,0,23,0,66,12
890,dev,2.9,3.3,3.2,Stinky flower mystery solved,0,5,0,39,1,19
892,train,3.2,3.2,3.2,Roddick overcomes Federer in final,0,0,0,29,0,23
894,train,3.22,2.89,3.0,Donald and Goydos share Sony lead,0,0,0,32,0,5
895,train,2.43,3.29,2.86,U.S. and Iraqis are wrangling over war plans,32,0,56,0,25,17
896,test,2.7,2.9,2.9,Sea search for missing Microsoft scientist,0,0,29,0,48,16
897,dev,2.4,3.6,2.8,Iran to Hit US Interests if Attacked,30,7,60,0,17,3
898,train,2.5,3.25,2.75,Blair: Terror battle will be long,22,0,62,0,34,0
899,train,3.4,3.0,3.1,Bear cub returned to the wilderness,0,0,3,54,0,12
90,test,3.4,3.0,3.0,China Successfully Launches Two Satellites,0,0,0,91,0,0
900,train,2.55,2.73,2.91,Carrefour sales growth falls short,0,0,7,0,26,10
901,train,3.1,3.0,3.0,"Allied with democrats, Lieberman easily aligns with Republicans",5,16,0,0,17,26
902,train,2.6,3.0,2.9,"In the Rockies, pines die and bears feel it",12,5,22,0,45,16
903,train,2.1,3.5,2.9,Iran to strike US interests if attacked,38,7,47,0,22,4
904,test,3.1,3.2,3.1,"Nipple covers, other star secrets",7,29,0,2,0,21
905,train,2.7,3.2,3.1,Apple: no iTunes for you if you have Vista!,8,5,0,0,10,37
906,train,2.75,2.62,2.63,Smokestacks in a white wilderness divide Iceland,0,0,9,0,34,6
907,train,2.9,3.1,3.3,That'll cost ya,34,0,16,0,0,2
908,test,2.4,3.1,2.9,Botched hangings in Iraq speed sectarianism,29,10,50,4,38,6
909,train,3.0,3.1,3.0,Male sweat raises female hormones,0,14,0,21,0,58
91,train,3.1,2.9,3.1,Prestige has magic touch,0,0,0,31,0,0
910,train,2.9,2.9,3.0,7 GOP senators to force debate on troops in Iraq,11,4,8,27,11,13
911,train,3.0,3.1,3.1,Bangladesh ends curfew amid unrest,19,0,38,43,19,15
912,train,2.8,3.2,3.0,Italy's dispute with US over Iraq shooting,65,7,13,0,16,19
913,train,3.5,3.8,3.2,Here come the Globes!,0,0,0,59,0,16
914,train,2.5,3.1,3.1,Snow causes transport chaos in Britain,5,1,35,0,41,3
916,test,3.0,2.8,2.9,"Second opinion: girl or boy? as fertility technology advances, so does an ethical debate",9,15,15,5,14,28
917,train,2.25,3.12,2.88,Heavy snow causes travel chaos and shuts schools,4,0,44,9,39,19
918,train,3.22,3.22,3.0,Barbaro's legacy: saving other horses,0,0,6,30,22,11
919,train,3.0,3.0,3.1,Luxury digs in South Carolina's Lowcountry,0,0,0,28,0,10
92,train,1.9,3.5,3.0,"Lies, damned lies, and divorce",43,40,10,0,50,0
920,dev,2.0,3.62,3.13,Dozens killed in Baghdad bombing,17,2,67,0,92,15
921,train,2.16,3.17,2.66,Ice storms kill 21 across nation,8,0,54,0,93,16
922,train,3.1,2.8,2.9,De Villiers takes over Dakar lead,1,0,0,42,0,10
923,dev,3.33,3.22,3.0,Vietnam becomes WTO's 150th member,4,4,0,47,2,5
924,train,3.2,3.2,3.1,South African trio share advantage,0,0,0,39,0,8
925,train,2.9,2.9,2.9,Observatory: poison begets poison,10,9,27,0,26,17
926,dev,3.0,3.0,2.86,Action intensity boosts vision,0,0,0,41,0,39
927,train,2.8,3.7,3.1,Why the smell of a man's armpit is a turn-on,0,31,0,16,0,52
928,train,3.0,3.12,3.0,Nokia 5300 Xpress Music,0,0,0,22,0,5
929,train,2.8,3.0,3.0,"Dell to cut bonuses, trim management",0,0,12,0,41,13
93,train,3.4,3.2,3.3,Manning inspires Giants to victory in Dallas,0,0,0,44,0,0
930,train,2.9,3.3,3.2,"Second drop in cancer deaths could point to a trend, researchers say",0,0,9,35,5,36
931,train,3.1,3.1,3.1,TV game shows go interactive,0,0,0,33,0,6
932,train,4.0,3.7,3.3,Boy missing since 2002 found alive,0,0,10,82,17,22
933,test,3.14,3.14,3.14,"US, North Korea signed nuclear memo",0,0,28,42,0,14
934,train,3.1,2.9,3.0,Russia honors Sputnik designer,0,0,0,66,0,12
938,test,3.5,3.12,3.0,MySpace welcomes French friends,0,0,3,50,0,2
939,train,2.88,2.88,2.5,Airlines: UK airport runway unsafe,6,2,68,0,16,16
94,train,2.25,3.13,2.63,Riot warning for France suburbs,46,27,31,0,53,4
940,test,2.2,3.3,3.0,The amounts you have to pay for a bomb scare,15,24,75,0,22,6
941,test,3.0,2.5,2.87,"In Egypt, Rice speaks softly",0,0,10,11,0,9
943,train,2.7,3.1,3.0,Senate votes to revoke pensions,13,0,18,0,35,14
945,train,2.5,2.9,2.9,Software giant SAP misses target,0,0,10,0,45,16
946,train,3.1,2.9,3.0,Vital signs: mental abilities: folic acid may improve thinking skills,0,0,0,40,0,43
947,train,3.1,3.0,3.0,De Villiers stretches overall lead,0,0,0,38,0,8
948,train,3.57,3.43,2.86,Families celebrate return of sons,0,0,2,84,6,14
949,train,2.3,3.2,3.2,China detains 2 after body parts found in mail,6,53,72,15,21,23
95,train,3.9,3.3,3.1,Full recovery expected for marathon winner,0,0,0,89,0,13
950,train,3.0,3.14,3.0,North Korea ready to discuss nuke disarmament,5,0,21,42,6,17
952,train,2.9,3.0,3.5,Nadal wants Australian Open crown,0,0,0,21,0,0
953,train,3.2,3.1,3.3,Beijing journal: Olympic construction unearths ancient treasure trove,0,0,0,47,0,34
954,train,3.2,2.8,2.9,"Chinese president arrives in Mozambique, African tour nearly over",0,0,4,33,5,16
955,dev,3.0,3.0,3.0,Reclusive 'Mockingbird' author attends show,0,0,0,18,0,6
956,train,3.11,2.89,3.11,"Asia near pact on energy, security",0,0,3,36,0,7
957,train,2.9,2.9,2.9,Philippine anti-terror law delayed until June,17,0,32,0,32,13
958,train,2.7,3.1,3.2,Ex-suspect slams anti-terror laws,44,15,19,15,18,20
959,train,2.8,2.9,3.3,Study detects a gene linked to Alzheimer's,0,0,18,40,23,24
96,train,2.57,3.14,3.14,Sony apologises for global battery recall,6,0,0,0,29,0
960,train,3.2,3.3,3.1,Panda cub makes her debut,0,0,0,59,0,7
961,dev,3.43,3.29,3.57,Harris haul puts South Africa on top,0,0,0,61,0,10
962,dev,3.09,2.82,3.0,Weight-loss drug to be sold over the counter,0,0,7,33,7,16
963,train,3.0,3.1,3.1,Beckham outlines reasons for move,0,0,0,12,2,7
964,test,2.4,3.2,3.0,Study finds gritty air raises heart disease risk in older women,0,0,30,3,23,35
965,train,2.9,2.9,3.2,"Venezuela, Iran fight U.S. dominance",60,12,24,16,17,5
966,train,2.6,3.1,2.9,'Housewives' star Marcia Cross on bed rest,0,0,4,0,25,16
967,train,3.7,3.6,3.1,Blog: Here come the Globes!,0,0,0,49,0,11
968,train,2.7,3.3,3.3,Greek police hunt embassy attackers,48,2,22,4,13,0
969,train,2.8,3.0,2.8,Apple warns iTunes users to wait on Vista,0,0,5,0,12,21
97,train,3.0,2.86,2.86,Questions on credit card safety,1,0,5,0,5,0
970,train,2.8,2.9,2.9,Tsunami fears ease after quake,0,0,79,13,13,0
971,test,2.9,2.5,3.1,China considers Eurobond reserves,0,0,7,30,0,13
972,train,2.9,3.3,3.4,Underarm bowls them over,0,5,0,6,0,14
973,train,1.9,3.2,2.7,At least 130 die as blast levels Baghdad market,24,17,69,0,90,17
974,train,2.8,2.9,2.9,New McCain team made attack ads he once faulted,19,13,19,0,15,16
975,train,2.57,3.14,2.86,Deaths as bird flu flares in Asia,0,0,79,0,60,12
976,train,3.1,3.2,3.5,"Hamas, Fatah leaders pledge to meet until they reach agreement",0,0,10,50,0,15
977,train,3.0,3.0,3.1,Officers had 'rapport' with alleged abductor,35,41,16,0,23,21
978,train,2.6,2.9,2.9,No e-Book for Harry Potter VII,2,0,3,8,37,11
979,train,3.1,2.9,3.1,Review: Nokia 5300 Xpress Music,0,0,0,20,0,4
98,train,2.9,3.0,2.6,Budapest calm after night of violent protests,34,2,18,18,17,0
980,train,2.5,3.3,3.4,'Can't do this anymore'? Not Jack,0,0,0,3,0,11
981,train,2.9,3.0,3.1,Black hole triplets spotted,0,0,11,17,0,42
982,train,2.9,3.0,2.9,Israel weighs old city project webcast,4,0,6,13,1,23
983,test,2.1,3.4,2.5,Indonesian bird flu deaths hit 61,0,0,58,0,86,16
984,train,2.5,3.3,2.8,Somali refugees cut off from aid,14,0,16,1,73,15
985,train,2.8,2.8,2.8,Microsoft downplays Vista speech-recognition hack,3,0,7,17,11,3
986,dev,3.27,2.91,3.09,Next island hot spot: St. Lucia,0,0,0,49,0,15
987,train,2.8,2.6,3.2,Italy to hold no-show trial of Bronx GI in Iraq slay,28,21,25,17,17,15
988,train,3.6,3.6,3.0,Rescued boys parents hail 'miracle',0,0,11,73,10,17
990,train,2.6,2.9,2.7,Teen hacks Venezuelan government Web sites,27,0,14,0,13,44
991,train,2.6,3.1,2.8,"Russia plans new ICBMs, nuclear subs",18,0,61,0,21,15
992,train,3.4,3.2,3.2,Gere cheers sex workers in AIDS fight,1,8,10,34,7,18
993,train,3.17,3.0,3.0,Study: Male sweat causes female hormones to rise,0,11,0,17,0,59
994,train,1.67,3.78,2.44,Collision on icy road kills 7,4,0,47,0,85,1
995,train,3.6,3.3,3.1,Surprise: China cuts price of gas,0,0,5,54,0,42
996,train,3.11,3.0,3.22,What the Godfather of Soul meant to me,0,0,0,15,9,0
997,train,3.5,3.3,3.1,New Mars orbiter spots Pathfinder landing site,0,0,0,48,0,18
998,train,2.7,3.5,2.9,Mass Venezuela opposition rally,27,0,15,14,3,16
999,train,3.2,3.1,3.1,Glamour -- and 'Borat' -- at Golden Globes,0,6,0,60,0,13
